mitarbeiter_id,abteilung,gehalt,ueberstunden_pro_woche,zufriedenheit,betriebszugehoerigkeit_jahre,befoerderungen_letzte_3j,abgang,geschlecht,alter
M0001,IT,52390,0.5,3,25,3,0,W,57
M0002,Produktion,34054,2.1,3,24,3,1,M,61
M0003,Vertrieb,53008,6.5,3,17,0,0,W,34
M0004,Finanzen,66694,2.0,4,0,1,0,W,48
M0005,HR,43488,0.3,2,5,2,0,M,32
M0006,Vertrieb,58112,8.9,2,9,1,1,M,27
M0007,HR,52150,1.6,2,13,2,0,M,44
M0008,IT,74245,5.3,4,22,1,0,W,48
M0009,Finanzen,51445,3.6,2,22,1,0,W,53
M0010,Marketing,52944,4.7,3,7,0,0,M,26
M0011,Marketing,52992,3.5,3,2,2,0,W,52
M0012,Vertrieb,35212,0.0,3,7,3,0,M,34
M0013,Marketing,32305,1.2,2,6,3,1,W,33
M0014,Marketing,28000,3.7,1,23,1,0,W,23
M0015,Vertrieb,45838,7.1,3,0,2,0,M,30
M0016,Logistik,35788,1.1,2,21,0,0,M,41
M0017,Vertrieb,30818,5.8,3,17,2,0,M,29
M0018,Vertrieb,57552,2.6,4,2,1,0,W,35
M0019,HR,43217,2.9,3,17,3,1,M,43
M0020,Marketing,61494,4.0,4,15,2,0,W,25
M0021,HR,44964,3.6,3,0,0,0,M,57
M0022,Produktion,28535,10.7,3,5,3,0,M,34
M0023,IT,68874,3.9,3,9,2,0,W,53
M0024,HR,47360,3.8,1,5,0,0,M,48
M0025,IT,53785,2.3,3,15,1,0,W,52
M0026,IT,40368,8.6,3,16,0,1,M,33
M0027,IT,63504,0.6,4,4,1,0,M,29
M0028,Vertrieb,32989,4.4,2,3,3,0,M,27
M0029,Marketing,59208,6.3,3,17,3,0,M,31
M0030,Logistik,31556,8.8,2,12,2,0,W,44
M0031,Logistik,44347,8.0,2,6,1,0,M,47
M0032,IT,30137,4.4,4,6,1,0,M,52
M0033,Logistik,34808,0.2,2,1,3,0,M,61
M0034,Finanzen,75152,6.7,4,22,0,0,W,56
M0035,HR,34877,2.2,3,21,3,0,W,36
M0036,Produktion,34885,11.4,2,14,3,0,W,41
M0037,HR,38775,0.0,3,9,3,0,D,61
M0038,Vertrieb,36794,6.8,3,5,2,0,M,51
M0039,HR,43956,1.7,3,7,3,0,M,39
M0040,Produktion,28000,9.0,2,24,0,0,W,56
M0041,Finanzen,56668,4.1,2,2,3,0,M,27
M0042,Vertrieb,51191,7.1,3,21,0,1,W,49
M0043,Logistik,32709,3.3,3,7,0,1,W,60
M0044,Vertrieb,32997,5.8,2,6,0,1,M,43
M0045,Produktion,43211,6.4,3,21,2,0,W,47
M0046,Marketing,55302,5.2,3,24,0,0,M,24
M0047,IT,46382,5.0,2,25,2,0,W,46
M0048,Logistik,28000,7.0,2,6,0,0,M,33
M0049,Finanzen,46576,0.9,3,15,2,0,W,62
M0050,Vertrieb,51543,6.3,4,7,0,0,M,35
M0051,IT,66133,8.2,3,5,2,0,W,34
M0052,IT,73851,6.3,3,10,0,0,W,38
M0053,Vertrieb,41086,0.0,4,1,3,0,W,50
M0054,Logistik,28451,6.7,2,4,1,1,W,60
M0055,Vertrieb,56026,8.8,3,15,2,0,W,36
M0056,Vertrieb,38358,5.5,3,17,1,1,W,30
M0057,Produktion,37305,5.4,1,7,2,0,W,53
M0058,Logistik,28000,5.7,2,14,1,0,W,44
M0059,Vertrieb,38162,7.7,2,19,0,0,W,40
M0060,Finanzen,70112,1.2,3,23,3,0,W,62
M0061,HR,36269,4.3,3,14,2,0,M,42
M0062,Finanzen,67774,3.4,3,6,1,0,W,47
M0063,Marketing,28000,1.7,2,18,0,0,M,62
M0064,Produktion,32084,10.9,2,4,3,1,M,30
M0065,Logistik,32971,1.9,3,3,1,0,D,59
M0066,Produktion,48197,5.1,3,9,3,0,M,61
M0067,Logistik,28000,4.8,2,8,3,0,M,41
M0068,IT,72064,7.3,4,3,3,0,W,35
M0069,Finanzen,70683,2.1,3,1,2,0,W,28
M0070,Logistik,29671,0.0,2,24,0,0,M,23
M0071,HR,39011,1.6,2,17,0,0,M,62
M0072,Logistik,34849,7.9,1,18,0,0,M,39
M0073,Marketing,33185,6.0,2,1,1,0,M,49
M0074,Logistik,31269,13.3,2,20,2,1,M,31
M0075,Logistik,41656,10.7,2,9,3,0,M,35
M0076,Finanzen,64271,3.9,3,19,0,0,W,55
M0077,Finanzen,56118,1.7,3,12,2,0,W,48
M0078,HR,42904,4.9,2,6,0,0,W,31
M0079,Marketing,53809,3.1,3,6,1,0,W,22
M0080,HR,48179,1.5,4,3,0,0,W,55
M0081,Logistik,30661,5.2,2,21,1,1,W,25
M0082,IT,85020,0.5,4,11,2,0,M,23
M0083,Vertrieb,60796,4.6,2,20,2,0,W,34
M0084,HR,47418,2.2,2,21,3,0,W,60
M0085,Marketing,39570,5.8,2,4,2,0,M,48
M0086,Finanzen,45757,2.7,3,8,1,0,M,23
M0087,Marketing,44733,0.8,2,3,3,0,M,59
M0088,Finanzen,58729,0.3,3,0,3,0,M,60
M0089,IT,35472,3.4,2,25,3,0,W,50
M0090,Marketing,52946,4.2,3,17,3,0,M,25
M0091,Finanzen,73449,2.4,3,11,3,0,M,22
M0092,HR,46611,1.8,4,5,0,0,M,57
M0093,Finanzen,49887,4.3,3,15,2,1,W,55
M0094,Finanzen,48467,6.3,3,14,1,0,M,56
M0095,Marketing,50998,2.0,3,5,1,0,M,41
M0096,Marketing,46466,4.2,3,0,0,0,W,46
M0097,Logistik,36658,9.4,3,12,0,0,W,29
M0098,Logistik,37610,4.2,3,13,3,1,W,23
M0099,IT,78378,3.0,3,20,3,0,W,31
M0100,Finanzen,44414,3.4,3,10,2,0,M,47
M0101,HR,43772,0.5,3,2,0,1,W,38
M0102,IT,56547,3.3,3,22,2,0,W,47
M0103,Finanzen,56816,3.6,3,10,0,0,W,40
M0104,IT,74966,4.1,3,18,2,0,M,44
M0105,Marketing,57731,1.0,4,1,0,0,W,61
M0106,Finanzen,74781,3.5,4,0,1,0,M,47
M0107,Produktion,38979,11.8,3,0,0,1,M,61
M0108,Marketing,46899,9.2,2,20,3,1,W,61
M0109,Produktion,34229,11.5,2,6,2,0,W,47
M0110,Produktion,28000,2.9,1,20,3,0,M,62
M0111,HR,52717,3.2,2,24,0,1,W,32
M0112,Vertrieb,41137,4.6,2,17,2,0,M,43
M0113,Finanzen,64070,4.1,2,25,1,0,W,25
M0114,IT,72184,1.5,4,24,1,0,M,25
M0115,Logistik,28000,1.4,2,18,3,0,M,27
M0116,Marketing,38766,3.1,2,20,0,0,W,27
M0117,Produktion,46829,9.5,2,15,3,0,M,38
M0118,Produktion,38033,8.0,3,5,0,0,W,51
M0119,HR,37355,3.1,2,2,1,0,M,62
M0120,Logistik,33241,7.1,2,9,0,1,W,62
M0121,Produktion,43603,8.4,2,12,2,0,M,29
M0122,Logistik,39605,8.1,3,9,2,0,W,39
M0123,IT,40008,2.5,3,2,2,0,W,39
M0124,HR,55074,2.6,3,13,3,0,W,26
M0125,Logistik,39796,11.7,1,12,3,0,M,23
M0126,Produktion,34932,7.5,2,24,3,1,W,36
M0127,HR,32466,2.6,2,24,1,0,W,57
M0128,IT,77810,3.2,4,16,0,0,M,37
M0129,Vertrieb,50717,5.3,2,22,0,0,W,37
M0130,Finanzen,40506,2.6,3,8,1,0,W,62
M0131,Finanzen,55215,3.9,3,25,2,0,W,37
M0132,Logistik,52757,5.0,2,24,0,0,M,50
M0133,IT,62247,2.7,3,3,3,0,M,62
M0134,Marketing,40580,2.0,4,18,3,0,W,26
M0135,Vertrieb,32898,6.3,3,11,0,1,W,42
M0136,Logistik,44632,8.3,3,6,3,0,W,35
M0137,Vertrieb,55173,5.4,2,10,2,0,D,26
M0138,Vertrieb,61889,0.0,3,23,1,0,M,23
M0139,Marketing,50481,5.5,2,24,2,0,M,48
M0140,IT,80810,3.2,4,8,2,1,W,48
M0141,Finanzen,47820,1.5,3,12,1,0,W,45
M0142,HR,43300,3.7,2,13,2,0,W,49
M0143,HR,44296,0.4,3,19,0,0,W,51
M0144,Logistik,42294,9.6,2,12,1,0,M,24
M0145,HR,44550,2.4,3,10,3,0,M,23
M0146,Marketing,41744,0.0,3,24,0,1,M,35
M0147,Marketing,48640,4.4,2,9,2,1,W,45
M0148,Produktion,28000,5.6,2,6,1,0,M,59
M0149,HR,28000,1.7,3,8,1,0,W,62
M0150,Vertrieb,54976,3.8,3,8,0,1,M,55
M0151,Finanzen,53503,3.2,3,14,2,0,M,33
M0152,Produktion,34170,5.3,3,17,2,0,M,45
M0153,Vertrieb,54971,0.4,3,3,2,0,W,26
M0154,HR,53176,4.4,3,23,1,0,M,41
M0155,HR,46275,2.1,2,6,2,0,W,26
M0156,Vertrieb,68136,3.8,2,2,2,1,W,62
M0157,IT,69540,0.7,3,17,2,0,M,40
M0158,Produktion,38115,9.7,1,5,2,0,W,51
M0159,Finanzen,60884,0.9,3,19,1,0,M,26
M0160,Finanzen,42574,3.8,3,24,2,0,M,61
M0161,Marketing,57559,2.5,4,18,2,0,M,43
M0162,HR,28000,1.7,2,20,3,1,W,24
M0163,Logistik,30482,3.2,3,12,1,0,W,37
M0164,Vertrieb,45275,4.1,3,8,1,0,M,30
M0165,Finanzen,48522,3.5,3,15,2,0,W,24
M0166,IT,55223,3.5,2,9,2,0,W,23
M0167,IT,89590,1.4,5,22,1,0,W,51
M0168,Logistik,40624,6.2,2,12,0,1,W,57
M0169,IT,51712,4.8,3,12,2,0,W,49
M0170,Finanzen,52365,0.2,3,17,2,0,W,50
M0171,HR,31783,2.5,2,4,3,1,M,23
M0172,Produktion,40934,3.7,3,14,2,0,W,29
M0173,HR,40002,0.9,4,19,2,0,M,23
M0174,Finanzen,34402,4.0,3,20,0,1,W,61
M0175,Logistik,34604,4.9,2,5,1,0,W,52
M0176,Produktion,39072,2.7,2,1,0,0,M,61
M0177,Produktion,42741,11.6,2,5,2,0,M,59
M0178,Vertrieb,44119,8.8,2,21,2,0,W,31
M0179,Vertrieb,40527,0.2,3,6,3,0,W,42
M0180,HR,57890,0.3,4,1,2,0,W,48
M0181,Finanzen,58079,4.7,2,15,3,0,W,52
M0182,Finanzen,66634,2.9,3,22,2,0,M,49
M0183,Produktion,32223,12.3,2,5,3,0,M,40
M0184,IT,72348,4.2,3,1,1,0,W,22
M0185,Vertrieb,28000,6.9,2,3,2,0,M,60
M0186,Vertrieb,39455,2.9,3,3,2,0,W,50
M0187,HR,32333,3.2,3,5,2,0,M,56
M0188,Finanzen,50740,0.9,3,4,2,0,M,31
M0189,IT,80757,5.6,3,16,3,0,W,26
M0190,Logistik,30326,7.8,2,5,0,0,W,58
M0191,Marketing,55182,1.9,2,14,1,0,W,55
M0192,Finanzen,76207,5.1,3,10,2,0,M,56
M0193,Produktion,35806,14.8,3,17,2,1,W,40
M0194,IT,76906,2.6,3,17,2,0,M,59
M0195,Logistik,37186,8.2,2,15,0,0,W,31
M0196,Logistik,34698,5.2,2,23,3,0,W,53
M0197,Logistik,38501,6.8,2,5,2,1,M,42
M0198,IT,89599,0.0,3,13,1,0,W,28
M0199,Marketing,41627,4.0,2,10,3,0,W,51
M0200,Vertrieb,33489,6.1,2,13,1,0,W,36
M0201,HR,33856,5.2,3,3,0,1,W,28
M0202,Logistik,39966,1.1,2,8,3,0,M,51
M0203,Produktion,43905,6.0,2,24,1,0,W,53
M0204,Produktion,32240,11.5,3,20,3,0,M,35
M0205,Marketing,28000,3.4,2,11,2,0,M,61
M0206,Logistik,29951,6.0,2,2,0,0,W,51
M0207,Logistik,37287,4.0,3,16,1,0,M,22
M0208,Produktion,35532,3.7,3,7,3,0,D,35
M0209,Produktion,37262,0.6,2,8,3,0,M,61
M0210,Finanzen,51719,2.2,3,2,0,0,M,29
M0211,IT,77211,1.0,4,7,3,0,M,61
M0212,Vertrieb,49118,6.4,4,5,3,0,M,43
M0213,Produktion,40105,4.2,2,0,2,0,M,49
M0214,Marketing,49590,2.8,3,15,0,0,M,50
M0215,Vertrieb,51292,4.6,3,25,2,1,M,42
M0216,Logistik,36751,6.4,3,3,1,0,M,43
M0217,HR,34575,1.7,3,1,0,0,M,45
M0218,Logistik,36238,3.3,2,2,3,1,M,48
M0219,Vertrieb,54498,6.3,2,14,2,0,M,52
M0220,Marketing,59551,6.7,3,21,0,0,M,39
M0221,Marketing,52161,4.3,3,8,1,0,M,39
M0222,Marketing,38347,2.5,2,3,3,0,M,53
M0223,HR,35509,2.3,3,2,1,0,M,53
M0224,Marketing,43648,0.0,2,15,1,0,M,48
M0225,Produktion,37326,6.5,3,9,0,0,W,40
M0226,Marketing,46777,3.0,3,9,0,0,M,45
M0227,HR,33010,1.1,3,6,3,0,M,45
M0228,Logistik,28000,4.2,2,23,3,0,W,39
M0229,HR,28000,1.9,2,9,0,1,M,29
M0230,IT,28000,5.0,1,18,2,0,M,43
M0231,IT,60023,5.2,2,19,2,0,W,40
M0232,HR,60561,1.1,4,1,3,1,W,24
M0233,Finanzen,79561,2.5,4,6,2,0,D,61
M0234,Logistik,28130,5.0,2,23,3,0,W,49
M0235,IT,64248,4.6,2,22,0,0,W,26
M0236,HR,30283,2.7,2,10,0,0,W,30
M0237,Marketing,34878,4.2,3,4,1,1,M,45
M0238,HR,32420,3.3,3,7,1,0,W,57
M0239,HR,40196,1.6,2,24,3,0,W,41
M0240,Marketing,46175,7.4,3,17,1,0,M,55
M0241,IT,65790,3.0,3,1,1,0,M,27
M0242,IT,71948,1.3,3,18,2,1,W,43
M0243,HR,39304,2.2,4,3,3,0,W,55
M0244,Vertrieb,45434,9.7,2,7,0,0,W,56
M0245,Marketing,37061,2.9,3,12,2,0,M,31
M0246,IT,41832,4.9,3,9,1,0,W,49
M0247,IT,39515,1.7,3,18,0,0,M,23
M0248,IT,71738,1.5,4,4,3,0,W,27
M0249,Marketing,44620,5.6,3,22,3,0,M,58
M0250,Vertrieb,28000,3.4,2,15,0,0,M,52
M0251,Vertrieb,44242,8.5,3,7,3,0,M,30
M0252,Marketing,35511,4.9,3,24,2,0,M,62
M0253,Marketing,64603,1.8,4,12,2,0,M,62
M0254,IT,53317,2.9,1,10,1,1,W,23
M0255,IT,72222,1.9,4,0,1,0,M,23
M0256,Logistik,40533,7.5,2,25,0,1,W,32
M0257,Finanzen,46540,7.3,2,22,0,0,W,54
M0258,IT,63140,2.3,3,4,0,1,M,46
M0259,Vertrieb,51641,7.6,3,24,2,0,W,43
M0260,Marketing,49155,4.1,3,20,0,0,W,39
M0261,Logistik,36166,6.6,2,10,2,0,W,41
M0262,Logistik,28000,6.0,3,24,2,0,W,48
M0263,Produktion,39878,4.0,3,14,1,0,W,24
M0264,IT,54707,3.7,3,17,0,0,D,46
M0265,HR,44795,2.1,3,4,2,0,M,31
M0266,HR,49359,1.1,3,2,3,1,M,54
M0267,Finanzen,66025,5.5,3,13,1,0,W,30
M0268,Produktion,38441,7.3,2,8,3,1,M,24
M0269,Marketing,54421,3.4,3,25,1,0,W,39
M0270,HR,47507,4.5,3,2,0,0,M,40
M0271,Vertrieb,62946,0.5,4,19,2,0,M,43
M0272,Vertrieb,44591,9.8,3,15,3,0,W,57
M0273,Marketing,49639,1.8,3,22,3,0,M,50
M0274,Produktion,42524,7.7,3,25,3,1,M,36
M0275,HR,38076,1.6,2,22,0,0,W,51
M0276,Finanzen,41976,1.7,3,9,0,1,W,42
M0277,Finanzen,63918,6.1,3,18,2,0,W,31
M0278,Marketing,45939,8.6,3,4,3,0,M,22
M0279,Logistik,28000,5.8,2,12,3,0,W,22
M0280,IT,69508,3.7,3,6,1,0,W,31
M0281,Logistik,42586,6.7,2,6,1,0,W,55
M0282,IT,37553,6.5,2,14,2,0,M,41
M0283,Marketing,58223,0.0,3,3,3,0,M,40
M0284,Produktion,28000,8.3,2,14,0,0,W,38
M0285,Finanzen,53196,2.0,3,10,3,0,W,32
M0286,Marketing,66405,0.0,3,5,3,0,M,51
M0287,Logistik,32030,5.4,2,14,0,0,W,22
M0288,IT,63349,6.7,2,19,3,1,W,47
M0289,Finanzen,67154,2.2,2,15,2,0,M,60
M0290,HR,28268,3.7,2,2,3,0,W,58
M0291,Vertrieb,45865,9.6,3,14,0,1,M,37
M0292,Logistik,34385,6.5,3,16,3,0,W,57
M0293,Produktion,49036,7.4,3,17,0,0,W,31
M0294,IT,43463,0.0,4,11,0,0,W,31
M0295,IT,56276,1.6,4,2,1,0,W,36
M0296,IT,48074,4.8,4,3,2,0,W,22
M0297,Marketing,37655,4.2,4,8,0,0,M,32
M0298,Marketing,59274,4.9,2,16,1,0,W,57
M0299,Produktion,36186,7.5,1,19,1,0,W,53
M0300,Finanzen,51333,7.9,2,17,0,0,M,35
M0301,IT,54232,2.1,3,8,0,0,W,34
M0302,HR,37494,4.9,2,11,0,0,M,36
M0303,Produktion,32683,7.5,2,1,3,0,W,26
M0304,Logistik,28000,11.6,2,20,3,1,W,28
M0305,Marketing,45412,0.9,2,9,2,0,W,62
M0306,IT,56611,3.4,3,13,2,0,W,50
M0307,Vertrieb,35906,4.8,2,11,0,0,M,49
M0308,Marketing,49550,4.3,3,7,0,1,W,33
M0309,HR,43919,4.3,2,4,1,0,W,57
M0310,Marketing,42433,4.9,2,24,3,0,M,29
M0311,IT,59837,5.4,3,3,1,0,M,61
M0312,Marketing,69586,2.3,3,24,3,0,W,42
M0313,Marketing,69204,1.9,4,2,1,0,W,35
M0314,HR,33567,2.5,2,2,1,1,M,52
M0315,IT,48283,2.9,2,23,3,0,M,39
M0316,Produktion,28584,6.3,2,24,1,0,M,33
M0317,Marketing,58570,1.6,3,23,2,0,W,50
M0318,Marketing,44014,7.0,2,20,2,0,M,51
M0319,Logistik,35438,5.4,3,12,2,0,M,46
M0320,Produktion,49978,12.0,3,2,2,0,W,40
M0321,IT,61843,3.0,3,15,3,0,M,35
M0322,Vertrieb,53474,7.9,3,13,1,0,W,38
M0323,IT,69806,4.1,2,19,1,0,M,57
M0324,HR,37294,1.3,3,0,2,0,M,36
M0325,Marketing,58591,4.9,2,2,1,0,W,61
M0326,Marketing,39502,8.8,3,15,0,1,W,27
M0327,HR,52719,2.9,2,22,1,0,W,28
M0328,HR,37300,3.9,2,24,2,1,M,35
M0329,IT,54830,4.4,2,14,2,0,M,22
M0330,IT,45672,3.6,3,9,1,0,M,58
M0331,Produktion,29530,7.7,3,12,2,0,W,35
M0332,Logistik,31439,8.1,2,13,1,1,M,26
M0333,Produktion,28000,9.7,3,16,2,0,W,47
M0334,Logistik,32600,2.4,2,5,1,0,W,61
M0335,HR,37936,2.9,3,10,3,0,M,62
M0336,Produktion,41530,6.4,2,14,2,0,M,26
M0337,Logistik,36537,5.3,2,22,2,0,M,54
M0338,Logistik,29754,10.4,2,20,1,0,W,36
M0339,Vertrieb,39497,3.8,3,19,3,0,W,56
M0340,Vertrieb,42184,1.8,3,5,1,0,W,46
M0341,Marketing,62859,6.0,2,10,3,0,W,52
M0342,HR,35421,0.4,2,14,0,0,M,56
M0343,Logistik,29681,0.7,2,25,3,1,M,58
M0344,Marketing,36714,6.3,3,9,3,0,M,27
M0345,Produktion,28000,7.6,2,23,0,0,W,51
M0346,Logistik,35842,7.9,2,19,0,0,W,27
M0347,Logistik,35217,5.2,2,16,3,0,W,60
M0348,Vertrieb,60393,1.8,3,18,1,0,W,47
M0349,Vertrieb,57496,2.4,2,20,2,0,M,29
M0350,Vertrieb,73765,5.2,3,18,0,0,W,34
M0351,Produktion,35482,2.5,3,17,1,0,W,58
M0352,Finanzen,54873,4.1,3,9,2,0,M,48
M0353,Marketing,34997,2.8,3,11,3,0,M,31
M0354,IT,72448,3.4,3,15,1,0,W,55
M0355,HR,42948,2.7,3,21,0,0,W,51
M0356,Produktion,40558,8.4,2,16,1,0,M,25
M0357,HR,32887,3.2,3,25,2,0,W,33
M0358,Vertrieb,49219,5.0,3,17,3,0,W,56
M0359,Finanzen,60462,3.9,3,10,3,0,W,36
M0360,Finanzen,59668,4.0,3,14,3,1,M,23
M0361,Finanzen,49800,0.0,3,16,0,0,M,46
M0362,Logistik,41135,8.4,3,22,2,0,W,58
M0363,Marketing,68503,4.4,3,6,2,0,M,44
M0364,Finanzen,44675,4.6,2,6,1,1,M,62
M0365,Produktion,41043,2.5,3,5,3,0,W,26
M0366,Vertrieb,28000,5.1,1,1,3,0,M,49
M0367,Vertrieb,53023,2.7,3,17,0,1,M,48
M0368,IT,33947,4.5,2,25,3,0,W,62
M0369,Marketing,42750,0.5,3,15,3,0,M,43
M0370,IT,42304,1.1,3,1,2,0,W,55
M0371,Produktion,34490,8.9,2,9,1,1,M,27
M0372,IT,74581,1.7,4,23,3,0,M,23
M0373,Finanzen,35712,1.6,3,1,2,0,M,51
M0374,Finanzen,53686,5.3,2,15,3,0,M,22
M0375,Logistik,30919,9.3,3,11,2,0,M,57
M0376,Marketing,63810,5.8,3,23,3,0,W,22
M0377,Marketing,52317,6.1,3,13,1,0,W,50
M0378,Vertrieb,30873,5.3,3,14,0,0,M,40
M0379,HR,38229,2.2,3,18,1,0,M,48
M0380,Vertrieb,63673,4.1,3,21,3,0,W,47
M0381,IT,72715,3.3,3,13,2,0,M,40
M0382,Logistik,28490,4.9,1,18,2,0,M,41
M0383,Finanzen,54795,2.6,3,20,2,0,M,42
M0384,IT,58473,4.2,3,13,2,0,M,49
M0385,Finanzen,51544,5.9,3,18,0,0,W,51
M0386,Marketing,30897,5.0,1,9,1,0,M,40
M0387,Vertrieb,36868,11.4,2,9,0,1,W,36
M0388,HR,53113,1.4,3,0,1,0,M,23
M0389,Produktion,33331,0.6,2,17,2,0,M,53
M0390,IT,60451,4.4,3,6,3,0,W,31
M0391,Marketing,49405,2.1,3,21,0,1,M,39
M0392,Logistik,47308,5.7,2,24,2,0,W,62
M0393,Marketing,48088,0.0,4,22,0,0,W,54
M0394,IT,78409,1.2,3,7,0,0,W,36
M0395,HR,37214,0.2,3,16,3,1,M,41
M0396,Finanzen,54887,2.6,3,19,2,0,M,35
M0397,Logistik,34075,5.3,2,13,0,0,M,47
M0398,Finanzen,48710,3.7,3,13,0,0,W,28
M0399,IT,58944,5.5,3,11,0,1,W,61
M0400,Produktion,42216,9.4,3,8,1,0,M,62
M0401,Produktion,30397,1.3,3,14,0,0,M,34
M0402,Finanzen,58001,4.7,2,25,2,0,M,31
M0403,Logistik,38252,6.8,2,5,1,0,M,44
M0404,Produktion,30228,6.7,2,1,2,1,M,48
M0405,Vertrieb,58144,5.9,3,1,0,1,W,48
M0406,Marketing,48728,4.5,2,15,0,0,W,23
M0407,HR,40679,1.5,4,7,0,0,M,51
M0408,HR,28000,2.2,2,11,0,1,M,24
M0409,Finanzen,53516,5.9,3,24,0,0,M,36
M0410,Finanzen,62459,2.1,4,1,1,0,M,51
M0411,IT,88180,0.9,4,4,3,0,W,58
M0412,HR,46543,2.4,4,5,2,0,M,48
M0413,IT,78893,0.7,3,11,1,0,D,28
M0414,HR,32327,0.0,2,18,3,0,W,49
M0415,Marketing,46731,3.1,2,4,3,0,M,23
M0416,Vertrieb,59648,10.3,3,2,3,0,W,31
M0417,Logistik,28673,6.4,2,2,3,0,W,27
M0418,Vertrieb,56582,6.5,2,20,2,0,D,62
M0419,IT,72999,0.0,3,0,3,1,M,37
M0420,Marketing,50747,5.1,3,16,1,0,D,44
M0421,Produktion,33699,7.3,2,15,3,0,M,54
M0422,IT,47205,1.7,4,2,0,0,M,61
M0423,HR,56203,2.8,3,14,1,0,W,62
M0424,Marketing,54318,4.4,3,7,3,1,M,28
M0425,Logistik,36043,3.3,3,13,0,0,M,38
M0426,IT,55807,3.7,3,3,2,0,M,38
M0427,IT,62568,5.4,3,17,1,0,M,54
M0428,HR,43317,2.2,2,20,0,0,M,35
M0429,Vertrieb,49798,3.4,3,0,0,0,M,31
M0430,Finanzen,66812,3.1,4,13,2,0,W,52
M0431,Vertrieb,35610,8.6,3,16,2,0,W,42
M0432,HR,30267,0.7,3,0,2,0,M,52
M0433,IT,63264,4.2,3,18,0,0,W,37
M0434,Finanzen,37033,2.1,3,14,1,0,W,41
M0435,HR,39410,2.9,3,7,0,0,W,22
M0436,IT,54362,1.9,4,12,0,0,W,22
M0437,Vertrieb,50900,4.3,3,17,1,0,W,22
M0438,IT,91738,6.0,3,16,2,0,M,29
M0439,IT,32831,0.2,3,20,1,0,W,36
M0440,Finanzen,85290,4.5,4,0,0,0,W,24
M0441,Marketing,45669,8.3,2,20,0,0,W,28
M0442,Produktion,38434,9.4,2,0,1,0,M,56
M0443,Vertrieb,28022,2.0,2,16,1,0,W,57
M0444,Produktion,42978,2.5,3,9,3,0,W,33
M0445,Finanzen,58497,2.0,3,1,2,1,M,60
M0446,Finanzen,57262,3.8,2,17,3,0,W,26
M0447,Produktion,28000,7.8,2,14,0,0,W,23
M0448,Finanzen,58885,1.0,3,17,1,1,W,36
M0449,Produktion,41920,3.9,3,9,0,0,M,32
M0450,Produktion,34346,4.2,3,7,0,0,W,25
M0451,HR,51393,2.2,3,16,3,0,W,56
M0452,Produktion,43930,13.9,2,5,1,0,M,62
M0453,Produktion,31512,3.7,3,21,2,1,W,33
M0454,Produktion,47165,3.6,3,17,1,1,M,34
M0455,Finanzen,58543,1.2,3,25,0,0,W,51
M0456,IT,62746,4.3,3,0,3,0,W,60
M0457,HR,42791,2.4,2,15,2,0,W,33
M0458,IT,63039,1.2,3,14,2,0,W,49
M0459,IT,28000,2.3,3,22,2,1,M,22
M0460,Marketing,46144,2.0,3,11,1,0,W,45
M0461,HR,31088,2.9,3,24,1,0,M,62
M0462,HR,55010,6.5,3,6,3,0,W,41
M0463,Logistik,43516,8.2,3,22,0,0,M,48
M0464,Produktion,41963,6.7,2,13,1,1,W,50
M0465,Marketing,45615,2.3,2,24,1,0,W,47
M0466,Marketing,37919,0.6,2,5,2,0,M,50
M0467,Finanzen,50109,5.0,2,6,3,0,M,58
M0468,Vertrieb,68311,8.0,2,14,3,0,M,22
M0469,Logistik,29846,5.1,2,14,2,1,M,58
M0470,Produktion,28000,11.2,3,3,0,0,M,59
M0471,Finanzen,70361,3.5,3,16,3,0,W,59
M0472,Vertrieb,63006,8.3,3,10,1,0,W,37
M0473,Finanzen,77910,4.1,4,3,1,0,W,45
M0474,Produktion,43268,6.4,1,13,3,1,M,36
M0475,IT,80022,1.1,4,18,1,0,M,56
M0476,Vertrieb,45635,5.6,3,0,1,0,M,38
M0477,HR,28000,3.8,2,23,3,0,W,34
M0478,Marketing,48278,2.7,2,15,1,1,W,50
M0479,Finanzen,65458,4.4,3,6,2,0,W,24
M0480,Marketing,46647,1.3,3,19,0,0,M,37
M0481,Logistik,32914,8.8,2,21,3,0,W,30
M0482,Marketing,38358,4.8,2,24,1,0,W,37
M0483,Marketing,37982,1.0,4,20,2,0,M,40
M0484,IT,89572,2.6,3,5,2,0,W,24
M0485,Vertrieb,67492,8.8,3,4,1,0,W,57
M0486,Vertrieb,44968,2.2,2,5,1,1,M,39
M0487,Produktion,37970,3.3,2,22,0,0,W,36
M0488,Marketing,38191,3.8,2,7,1,1,W,28
M0489,Vertrieb,52710,12.4,3,8,1,0,W,62
M0490,Marketing,65596,2.3,4,23,1,1,M,57
M0491,HR,29766,3.2,2,5,1,0,M,41
M0492,Produktion,39247,7.9,2,10,2,1,W,35
M0493,Logistik,37234,4.7,3,7,3,0,M,41
M0494,IT,69914,3.3,3,7,3,0,M,61
M0495,Produktion,47499,5.4,3,15,3,0,M,31
M0496,Marketing,68360,3.1,3,19,2,0,M,50
M0497,Produktion,34365,1.2,3,6,1,0,W,59
M0498,IT,72097,3.0,3,0,2,0,W,53
M0499,Finanzen,59010,5.3,3,16,0,0,M,57
M0500,Logistik,30207,6.7,3,14,3,0,W,60
M0501,IT,66062,5.2,4,17,2,0,M,24
M0502,Produktion,40700,9.0,2,11,0,0,M,31
M0503,IT,65253,2.9,3,20,1,0,M,27
M0504,Logistik,28712,4.6,2,16,1,0,M,45
M0505,Produktion,32755,5.3,2,19,1,0,M,38
M0506,Logistik,31264,2.1,3,19,0,0,W,23
M0507,Logistik,28945,5.7,2,12,0,0,M,44
M0508,Marketing,51135,4.4,3,8,1,0,W,26
M0509,Marketing,52181,8.3,3,15,1,1,M,38
M0510,Finanzen,69754,4.6,3,16,3,1,W,37
M0511,Vertrieb,34708,3.4,2,14,1,0,W,58
M0512,Marketing,42225,0.4,3,13,1,0,M,49
M0513,IT,85318,2.6,4,8,3,0,W,47
M0514,Logistik,33013,8.9,2,3,3,0,W,56
M0515,Vertrieb,45361,5.3,3,11,0,0,M,29
M0516,Marketing,46248,5.4,2,22,0,0,W,32
M0517,HR,51064,2.2,3,18,0,0,W,52
M0518,Marketing,59718,5.8,3,19,1,1,M,52
M0519,Produktion,43792,1.4,3,19,2,0,W,22
M0520,Logistik,34159,11.3,2,23,1,0,M,31
M0521,Finanzen,47530,1.3,3,5,0,1,W,31
M0522,Produktion,49476,9.8,2,18,0,0,W,22
M0523,IT,74844,2.5,4,1,2,0,D,49
M0524,Logistik,31260,6.2,2,6,1,1,W,24
M0525,IT,83357,2.5,5,0,0,0,W,56
M0526,IT,53965,3.5,3,11,2,0,M,46
M0527,IT,83160,3.9,3,3,2,0,M,53
M0528,Vertrieb,62739,9.2,3,10,1,0,W,42
M0529,Produktion,29549,11.9,2,3,3,0,M,61
M0530,Marketing,53817,4.8,3,0,3,0,W,33
M0531,Produktion,41475,13.0,1,12,0,0,M,44
M0532,Marketing,74149,4.2,3,10,3,0,M,22
M0533,IT,50865,5.2,3,10,0,0,M,56
M0534,HR,53460,3.1,2,8,1,0,W,45
M0535,Vertrieb,45208,4.4,2,10,3,0,M,29
M0536,Marketing,35586,4.5,3,0,3,0,M,55
M0537,HR,41040,3.3,2,12,0,1,D,62
M0538,Produktion,36017,6.9,2,22,0,0,W,24
M0539,Finanzen,45293,4.3,2,3,0,0,W,56
M0540,Vertrieb,48746,8.6,2,3,1,0,M,52
M0541,Produktion,42704,6.9,3,20,1,1,M,36
M0542,Finanzen,60858,0.0,3,13,1,0,W,48
M0543,Vertrieb,38497,11.0,2,6,1,1,M,54
M0544,Produktion,34960,6.0,2,20,2,0,M,41
M0545,Produktion,35968,4.1,2,8,3,0,W,49
M0546,Finanzen,60607,1.3,3,15,2,0,M,23
M0547,Marketing,59098,3.2,2,14,1,0,W,59
M0548,Marketing,50719,2.6,3,4,2,1,M,59
M0549,HR,30778,1.4,3,19,2,0,M,30
M0550,Vertrieb,38252,4.0,2,16,3,0,M,41
M0551,Marketing,49660,5.3,2,5,3,0,W,31
M0552,IT,78861,7.1,3,19,1,1,W,38
M0553,Vertrieb,60574,8.5,3,16,3,0,W,33
M0554,Produktion,48422,10.9,2,22,3,0,M,57
M0555,IT,63959,2.2,4,21,0,0,W,50
M0556,HR,48106,2.7,3,8,2,0,W,56
M0557,HR,30364,3.1,2,24,0,0,W,54
M0558,IT,68448,1.7,4,0,1,0,W,51
M0559,Produktion,28473,5.5,2,8,0,0,W,28
M0560,Logistik,33624,9.1,2,15,1,0,W,56
M0561,Finanzen,94358,5.7,4,13,2,0,M,54
M0562,Finanzen,61642,3.6,3,5,1,0,W,27
M0563,Vertrieb,34634,2.4,3,5,0,0,M,25
M0564,Produktion,38854,6.0,3,20,1,0,D,53
M0565,Produktion,32380,2.0,3,22,2,1,M,37
M0566,HR,34314,2.6,2,17,3,0,M,35
M0567,Finanzen,83237,4.0,3,13,0,0,M,38
M0568,Logistik,40400,5.7,1,20,1,0,W,57
M0569,Finanzen,62146,4.0,4,6,0,0,M,36
M0570,Vertrieb,40298,7.3,2,25,0,0,W,37
M0571,Marketing,44892,4.6,2,3,0,0,W,38
M0572,Vertrieb,63509,2.4,3,15,3,0,M,24
M0573,Marketing,51065,3.4,2,8,3,0,W,23
M0574,Logistik,28000,7.7,2,23,2,0,W,38
M0575,Vertrieb,74051,10.7,2,6,1,0,W,22
M0576,Logistik,35098,5.7,2,16,3,1,M,53
M0577,Vertrieb,49120,7.7,1,4,1,0,W,39
M0578,HR,50693,3.8,2,4,2,1,M,42
M0579,HR,45723,2.2,3,10,2,0,W,35
M0580,IT,73203,5.3,3,20,2,0,W,53
M0581,Vertrieb,39915,9.6,2,7,1,0,M,39
M0582,Marketing,35702,7.5,3,18,1,0,M,23
M0583,IT,66203,3.9,3,14,1,0,W,42
M0584,Produktion,46021,15.0,2,25,2,1,M,29
M0585,HR,36817,1.6,3,7,2,0,M,46
M0586,Produktion,30903,14.4,1,6,1,0,M,45
M0587,Logistik,41326,8.8,3,23,2,0,W,41
M0588,Marketing,43427,7.4,3,8,0,0,M,37
M0589,Produktion,33126,5.9,3,5,1,0,M,46
M0590,IT,56402,4.7,2,21,3,0,D,49
M0591,HR,41480,4.6,2,21,2,1,W,58
M0592,Finanzen,39116,1.3,3,1,2,0,W,61
M0593,HR,37685,2.3,3,22,3,0,W,25
M0594,Produktion,37612,0.0,2,16,2,0,M,49
M0595,Logistik,35339,6.0,1,7,2,0,M,25
M0596,Marketing,59579,2.0,4,13,1,0,M,39
M0597,Vertrieb,67072,5.3,3,6,3,0,M,52
M0598,Finanzen,76149,9.3,2,4,2,0,M,44
M0599,Logistik,39487,11.7,1,3,2,0,W,55
M0600,Logistik,33107,2.2,3,4,0,0,M,59
M0601,Produktion,31638,8.9,2,15,3,0,M,61
M0602,Vertrieb,45214,8.4,2,21,1,0,W,49
M0603,Vertrieb,52026,5.0,2,12,1,0,M,49
M0604,Finanzen,67863,3.9,2,0,0,0,W,54
M0605,Marketing,54230,4.7,3,11,0,0,M,31
M0606,Finanzen,56545,0.8,3,19,0,1,W,34
M0607,Logistik,38721,3.4,2,21,0,0,M,35
M0608,HR,52086,2.8,3,19,0,0,M,52
M0609,Marketing,56801,4.2,4,9,1,0,W,36
M0610,Logistik,33807,4.4,3,16,3,1,M,27
M0611,HR,35329,1.3,3,1,3,0,M,54
M0612,Finanzen,47709,3.3,2,10,0,0,M,52
M0613,IT,51781,4.8,3,13,1,0,W,46
M0614,HR,44056,2.4,3,0,3,0,M,58
M0615,Marketing,53198,8.1,2,0,2,0,W,54
M0616,IT,40782,1.6,3,20,3,0,W,58
M0617,Vertrieb,38952,6.6,2,5,1,0,W,32
M0618,Finanzen,60919,2.8,3,3,0,1,W,26
M0619,Vertrieb,34203,7.8,1,15,0,0,M,36
M0620,IT,68508,1.4,4,7,2,0,W,56
M0621,IT,57388,6.9,3,25,0,0,M,59
M0622,IT,51148,0.0,3,24,1,0,M,26
M0623,HR,42425,5.1,3,21,1,1,W,57
M0624,HR,45138,2.6,3,7,3,0,W,41
M0625,Finanzen,47817,4.6,2,22,3,0,M,55
M0626,Finanzen,55088,6.2,3,6,1,0,D,49
M0627,HR,45741,3.8,3,6,2,1,W,24
M0628,Logistik,29427,4.3,2,25,1,0,M,41
M0629,Vertrieb,28000,7.8,2,17,3,0,W,25
M0630,Finanzen,39561,7.2,2,2,1,0,W,35
M0631,IT,55729,1.2,3,23,2,0,W,53
M0632,Produktion,28000,14.4,2,4,3,0,W,50
M0633,Marketing,44522,5.0,3,17,0,0,M,50
M0634,Marketing,64649,2.9,3,11,0,1,W,49
M0635,IT,41321,1.2,2,0,1,0,M,22
M0636,HR,39739,2.2,3,20,3,0,W,45
M0637,Marketing,69323,0.0,3,17,2,0,W,41
M0638,Logistik,36448,5.3,2,22,0,0,W,43
M0639,Vertrieb,40587,5.2,3,15,1,0,M,30
M0640,Marketing,46431,1.3,3,19,2,0,M,50
M0641,Logistik,36576,8.7,1,23,3,0,W,46
M0642,Produktion,47870,6.2,2,25,1,1,M,38
M0643,Produktion,32284,4.8,2,14,0,0,M,24
M0644,HR,35939,2.0,2,0,0,0,M,24
M0645,Logistik,28000,7.6,2,8,0,0,W,36
M0646,Vertrieb,46237,6.2,2,16,0,0,M,44
M0647,Produktion,28000,4.5,1,2,1,0,W,62
M0648,Finanzen,52434,3.8,2,3,1,0,W,51
M0649,Marketing,38913,3.9,3,10,1,0,W,41
M0650,Vertrieb,57889,2.6,1,23,3,0,W,34
M0651,HR,37932,2.1,2,8,1,0,M,28
M0652,IT,67953,4.2,2,24,2,0,M,27
M0653,Produktion,28000,9.0,2,20,2,0,M,24
M0654,Vertrieb,46578,5.3,4,7,0,0,W,59
M0655,Marketing,35968,5.7,2,6,3,0,W,22
M0656,Vertrieb,39892,3.1,3,21,1,0,W,57
M0657,HR,59689,1.1,4,19,3,0,W,45
M0658,Marketing,57321,3.4,3,16,0,0,W,47
M0659,Vertrieb,43459,10.5,2,25,3,1,D,61
M0660,Logistik,53193,7.0,3,2,2,0,W,54
M0661,Produktion,29593,6.0,2,10,0,0,M,28
M0662,Marketing,59652,7.9,3,15,3,0,M,61
M0663,IT,39009,2.4,3,1,2,0,W,29
M0664,Produktion,34292,14.8,1,25,3,0,W,45
M0665,Finanzen,41826,2.5,3,14,0,0,W,48
M0666,HR,44058,1.0,3,8,3,0,M,32
M0667,Finanzen,58671,3.2,4,6,3,0,W,47
M0668,IT,57385,2.5,2,0,1,0,M,48
M0669,HR,50736,1.3,4,15,1,0,M,62
M0670,Vertrieb,38194,13.8,2,25,1,1,W,59
M0671,Finanzen,61922,4.1,3,0,1,0,W,38
M0672,Logistik,38923,7.9,2,10,3,0,M,50
M0673,HR,30134,1.8,2,17,3,0,M,55
M0674,Finanzen,49019,2.3,3,11,0,0,W,23
M0675,Finanzen,58646,5.6,3,16,0,0,M,50
M0676,Logistik,37780,1.5,3,18,0,0,M,59
M0677,IT,83318,0.7,4,25,2,0,W,26
M0678,Marketing,45841,3.4,3,15,1,0,W,52
M0679,Vertrieb,41202,10.1,2,18,3,1,M,24
M0680,Produktion,29891,5.7,2,7,3,1,W,38
M0681,HR,44639,3.1,3,3,0,0,W,55
M0682,Produktion,33920,7.1,2,2,2,0,M,62
M0683,HR,39807,4.4,2,2,3,1,M,51
M0684,Logistik,33436,1.7,3,21,3,0,M,51
M0685,Produktion,39861,9.6,3,1,2,1,M,32
M0686,IT,53544,2.6,3,12,1,0,W,55
M0687,Logistik,29367,9.3,2,15,3,0,M,49
M0688,Logistik,36590,4.0,2,17,1,0,D,60
M0689,IT,28000,3.0,2,1,3,0,M,46
M0690,Marketing,41963,3.7,3,22,1,0,W,23
M0691,Logistik,28000,3.5,3,11,3,0,W,42
M0692,Produktion,44422,2.5,3,0,3,0,W,53
M0693,HR,38472,1.6,3,3,2,0,W,54
M0694,HR,37514,2.7,3,22,0,0,W,37
M0695,IT,61270,1.5,3,24,0,0,M,29
M0696,HR,37237,2.0,3,19,3,0,W,57
M0697,Finanzen,53168,0.0,3,8,3,0,W,55
M0698,Marketing,48971,3.1,3,24,2,0,D,58
M0699,Marketing,43779,6.6,2,7,3,0,M,49
M0700,Produktion,32995,9.5,2,6,3,0,M,55
M0701,HR,33918,2.4,2,19,1,0,M,38
M0702,Vertrieb,31154,6.7,2,8,3,1,W,53
M0703,Marketing,48606,1.9,2,13,3,0,M,42
M0704,HR,44452,4.9,3,17,1,0,M,54
M0705,Vertrieb,28000,12.2,2,4,0,1,W,27
M0706,HR,48079,2.7,2,24,2,0,M,34
M0707,Logistik,38584,14.3,2,4,1,0,W,30
M0708,Produktion,42822,4.6,2,25,1,0,M,38
M0709,Vertrieb,48598,2.2,3,7,2,0,W,55
M0710,HR,47096,1.4,2,10,3,0,M,26
M0711,HR,59480,2.2,2,6,0,0,W,51
M0712,Finanzen,54381,8.1,3,14,3,1,W,56
M0713,Produktion,28680,6.0,1,0,1,0,M,49
M0714,HR,29727,1.2,2,4,2,0,M,48
M0715,Marketing,65556,1.8,3,13,3,0,W,27
M0716,Finanzen,79225,5.8,3,18,0,0,W,47
M0717,IT,48131,5.0,3,25,0,1,M,31
M0718,Finanzen,49272,2.5,4,21,3,0,W,32
M0719,Logistik,32056,0.9,2,23,1,0,M,57
M0720,Finanzen,72691,1.2,4,20,3,0,M,47
M0721,HR,31701,5.1,1,20,1,1,M,62
M0722,Produktion,28000,9.4,3,8,2,0,M,40
M0723,HR,59340,2.6,2,23,2,1,M,36
M0724,HR,44498,5.3,4,25,3,0,M,62
M0725,Produktion,39180,13.9,2,13,2,0,M,47
M0726,Vertrieb,42538,5.9,3,3,2,0,M,57
M0727,Produktion,39260,6.9,3,1,1,0,W,23
M0728,Finanzen,39829,2.3,2,12,1,1,W,43
M0729,HR,35272,2.1,2,16,1,1,M,55
M0730,IT,63577,0.0,3,14,1,0,M,55
M0731,Produktion,28000,1.8,3,23,3,0,W,51
M0732,Vertrieb,41369,0.8,3,13,0,0,W,28
M0733,Logistik,31815,9.8,2,17,2,0,W,44
M0734,Produktion,33881,1.5,3,19,2,0,M,26
M0735,Marketing,42489,8.9,2,23,3,1,M,54
M0736,HR,34032,1.4,2,15,2,0,M,47
M0737,IT,34669,6.5,2,14,1,0,W,29
M0738,HR,43157,2.0,2,2,0,0,M,51
M0739,IT,57498,0.0,3,16,1,0,M,51
M0740,Logistik,28000,10.4,3,4,1,0,M,24
M0741,Finanzen,58750,6.3,3,9,0,0,W,25
M0742,Vertrieb,41460,3.3,2,13,2,0,M,30
M0743,Produktion,32772,5.8,2,2,1,0,W,24
M0744,IT,29646,1.2,3,18,3,0,M,44
M0745,HR,47462,2.3,2,7,0,1,M,58
M0746,IT,43504,3.2,3,13,3,0,M,24
M0747,IT,62949,2.3,3,9,1,0,D,47
M0748,Vertrieb,35300,0.5,2,9,1,0,M,39
M0749,Marketing,44112,2.5,4,10,1,0,M,56
M0750,Produktion,44066,9.5,3,1,3,0,W,41
M0751,Logistik,37189,5.9,2,5,2,0,M,49
M0752,Produktion,43910,5.9,2,20,0,0,M,59
M0753,Produktion,38312,3.7,3,3,3,0,M,27
M0754,HR,45169,1.6,2,12,0,0,W,34
M0755,Marketing,30188,7.5,3,3,1,0,M,33
M0756,Vertrieb,41189,2.6,2,14,2,0,W,28
M0757,Logistik,32650,8.7,3,16,2,0,W,48
M0758,HR,51789,2.6,2,12,1,0,W,22
M0759,HR,37950,2.9,2,20,3,0,M,37
M0760,IT,65972,1.5,4,6,3,0,W,26
M0761,HR,43806,2.0,3,14,3,0,W,47
M0762,Finanzen,71892,3.5,3,7,1,0,W,52
M0763,HR,40930,1.7,3,13,3,0,M,41
M0764,Finanzen,67933,4.2,3,1,0,0,W,40
M0765,Produktion,28000,8.6,1,6,3,0,W,40
M0766,IT,37789,7.3,2,18,2,0,W,30
M0767,Logistik,28000,7.3,2,20,2,0,M,37
M0768,Produktion,41501,0.3,3,7,0,0,W,60
M0769,Marketing,54736,6.9,3,6,3,0,W,23
M0770,Produktion,42277,6.3,2,7,1,0,W,54
M0771,IT,51839,7.0,2,7,2,0,W,28
M0772,Marketing,42364,7.7,1,25,0,0,W,26
M0773,IT,60184,2.0,5,16,3,0,M,33
M0774,Finanzen,75324,4.9,3,10,1,0,M,33
M0775,Produktion,47856,4.9,3,12,3,1,M,34
M0776,Finanzen,67525,3.5,3,13,3,0,W,56
M0777,Finanzen,61972,4.9,2,14,2,1,M,59
M0778,Vertrieb,61024,9.3,2,10,0,0,W,50
M0779,Logistik,32464,9.2,3,25,1,0,D,27
M0780,Vertrieb,40308,6.2,3,7,2,0,W,60
M0781,HR,40967,6.2,2,11,2,0,W,56
M0782,Finanzen,46255,2.8,2,0,2,0,W,25
M0783,Produktion,34774,1.4,2,12,0,0,M,37
M0784,Logistik,28000,2.3,2,22,2,1,M,53
M0785,Finanzen,70300,6.4,4,25,0,0,W,25
M0786,Finanzen,64524,3.3,3,12,1,0,W,25
M0787,Marketing,62295,4.4,2,3,0,1,M,46
M0788,HR,28965,1.7,2,18,2,0,M,35
M0789,Finanzen,80820,2.6,4,16,2,0,W,40
M0790,Finanzen,39130,1.9,2,24,3,0,M,52
M0791,Finanzen,43620,4.4,3,13,1,0,W,44
M0792,HR,37033,2.4,3,0,0,0,M,51
M0793,Vertrieb,60692,7.3,3,23,0,0,W,27
M0794,IT,65383,3.7,3,17,3,0,W,22
M0795,Marketing,45561,2.9,2,20,3,0,W,32
M0796,Marketing,40073,0.4,2,3,0,0,W,30
M0797,Finanzen,41488,0.4,3,11,2,0,M,35
M0798,Logistik,40795,15.0,2,11,1,0,M,53
M0799,Finanzen,67583,6.5,3,6,1,0,W,28
M0800,Produktion,45467,11.7,3,22,2,0,M,27
M0801,Finanzen,62761,2.2,4,4,3,0,W,30
M0802,Logistik,28000,6.5,1,1,0,0,M,35
M0803,Logistik,28000,4.1,1,6,3,0,W,30
M0804,Vertrieb,50578,2.1,2,25,0,0,M,29
M0805,Finanzen,53563,2.3,4,2,2,0,W,45
M0806,HR,37529,4.5,3,15,0,0,W,26
M0807,Logistik,28000,9.0,3,4,0,0,M,28
M0808,Finanzen,69371,1.6,3,10,0,0,M,56
M0809,IT,68842,2.4,3,14,3,0,W,22
M0810,Vertrieb,51014,8.2,2,0,2,0,W,24
M0811,IT,52495,1.9,3,6,2,0,D,24
M0812,Vertrieb,47115,6.2,2,15,0,0,W,43
M0813,IT,41933,3.8,2,0,3,0,W,50
M0814,Produktion,35091,8.4,3,12,3,0,W,50
M0815,HR,28000,2.9,2,15,1,1,W,50
M0816,Finanzen,39182,2.2,3,5,3,1,W,24
M0817,Logistik,32066,4.8,1,4,0,0,M,36
M0818,Finanzen,86501,1.2,5,12,1,0,W,47
M0819,HR,28000,0.2,2,18,0,0,W,49
M0820,Vertrieb,30077,5.7,3,0,0,0,M,35
M0821,Produktion,37517,9.9,2,8,3,0,M,56
M0822,HR,56155,0.4,3,25,1,0,W,56
M0823,Produktion,37415,8.0,3,8,2,0,W,53
M0824,IT,72532,4.6,4,8,3,0,M,54
M0825,Vertrieb,40948,0.5,2,19,3,0,W,61
M0826,IT,54340,2.5,3,12,1,0,W,54
M0827,Finanzen,58986,6.8,3,10,1,0,M,46
M0828,HR,36733,3.3,2,20,0,1,W,38
M0829,Marketing,55242,0.0,4,0,3,0,M,36
M0830,Marketing,31937,5.6,3,18,3,0,W,55
M0831,Finanzen,68679,2.0,3,9,2,0,M,34
M0832,Logistik,34235,8.6,2,23,1,0,W,47
M0833,Logistik,32711,4.4,1,18,3,0,M,42
M0834,HR,28856,2.4,2,24,1,0,W,37
M0835,Finanzen,46242,2.4,3,3,1,0,W,40
M0836,IT,79979,3.0,4,4,3,0,M,25
M0837,Logistik,32748,4.8,2,23,1,0,D,51
M0838,IT,66175,2.6,4,10,3,0,M,24
M0839,Marketing,39204,1.1,3,21,0,0,W,25
M0840,Produktion,35796,8.7,2,17,1,0,W,32
M0841,Logistik,28000,7.0,2,12,1,0,W,43
M0842,Vertrieb,46198,1.2,3,1,1,0,W,34
M0843,Finanzen,62447,5.5,3,1,3,0,D,58
M0844,Vertrieb,48847,5.5,3,18,1,0,M,60
M0845,IT,48446,3.3,2,2,3,0,M,38
M0846,Marketing,44579,5.9,3,0,0,1,M,62
M0847,Finanzen,64446,4.2,3,5,1,0,M,25
M0848,Vertrieb,42462,9.5,2,23,1,0,W,27
M0849,Logistik,32276,5.6,2,16,2,0,M,36
M0850,Finanzen,80841,5.6,3,18,0,0,W,60
M0851,HR,34392,2.7,3,16,1,0,M,42
M0852,HR,50643,3.3,3,14,2,0,M,50
M0853,HR,32762,3.1,2,6,1,0,W,48
M0854,IT,71821,5.5,4,11,3,0,M,42
M0855,Finanzen,66497,4.9,3,14,1,0,W,60
M0856,Produktion,32427,5.4,3,25,3,1,W,61
M0857,Marketing,35825,2.4,3,23,0,0,W,40
M0858,Marketing,28295,3.9,3,19,3,0,W,51
M0859,Logistik,30309,4.2,3,21,1,0,W,47
M0860,Finanzen,64314,1.4,3,20,0,0,M,46
M0861,Marketing,37223,0.0,3,17,2,0,W,26
M0862,IT,63454,0.0,3,21,0,0,M,30
M0863,Produktion,28000,13.9,1,1,0,0,M,62
M0864,Finanzen,55193,2.2,2,0,2,0,W,32
M0865,Finanzen,44235,7.3,2,11,3,0,W,48
M0866,Vertrieb,44064,7.2,3,1,1,0,W,59
M0867,Vertrieb,38987,5.9,2,8,2,1,W,46
M0868,HR,32477,0.2,2,5,0,0,W,30
M0869,Produktion,31387,7.0,1,24,0,0,W,57
M0870,Marketing,38658,8.7,3,17,3,0,M,23
M0871,HR,31488,4.8,2,1,0,0,M,51
M0872,Logistik,40496,7.3,2,16,1,0,W,32
M0873,Vertrieb,40677,2.6,3,19,2,0,W,48
M0874,Vertrieb,28000,3.1,3,8,0,0,M,41
M0875,Vertrieb,37520,3.4,3,22,3,0,M,45
M0876,Logistik,39488,10.3,1,25,2,0,M,37
M0877,HR,35909,4.9,4,25,1,0,W,43
M0878,Logistik,42986,7.1,1,2,3,0,M,60
M0879,Logistik,28860,5.6,2,11,2,0,M,55
M0880,Marketing,53034,7.9,2,20,2,0,M,39
M0881,IT,77549,1.0,3,11,0,0,M,60
M0882,Marketing,52501,4.1,3,12,0,0,W,58
M0883,HR,31004,3.2,1,8,0,0,W,47
M0884,Marketing,38575,1.8,3,10,2,1,M,46
M0885,IT,79551,1.7,4,18,3,0,W,23
M0886,Logistik,29172,4.4,2,0,3,0,W,43
M0887,Marketing,57756,7.5,2,20,2,0,W,30
M0888,Finanzen,52836,7.3,2,18,0,0,M,28
M0889,Logistik,34848,6.8,2,3,2,1,M,57
M0890,HR,30911,2.1,2,20,2,0,W,33
M0891,Finanzen,50700,2.3,2,13,2,0,W,47
M0892,IT,48870,3.0,3,8,2,0,M,57
M0893,Finanzen,60707,2.4,3,11,2,0,W,46
M0894,Produktion,36652,6.7,2,13,2,0,M,53
M0895,Logistik,36775,7.7,2,5,1,0,M,53
M0896,IT,54642,2.2,3,15,0,0,M,40
M0897,Vertrieb,33837,5.4,2,16,0,0,W,59
M0898,IT,64740,2.6,3,9,3,0,M,59
M0899,Logistik,28000,5.5,3,11,1,0,M,35
M0900,Vertrieb,57941,4.7,3,16,1,0,M,55
M0901,HR,41083,3.6,2,13,1,0,M,29
M0902,HR,39390,0.0,3,11,0,0,M,26
M0903,Finanzen,63546,6.6,3,24,3,1,W,43
M0904,Logistik,33541,6.9,2,22,0,0,W,46
M0905,Marketing,31419,5.5,2,9,0,0,M,45
M0906,Produktion,28569,9.5,2,18,1,0,M,54
M0907,Marketing,58577,2.2,3,21,1,0,W,38
M0908,Vertrieb,46006,3.3,3,2,0,0,M,55
M0909,IT,36776,0.9,4,15,1,0,M,58
M0910,Marketing,51521,3.4,3,20,3,0,W,25
M0911,HR,37525,3.5,3,1,1,0,W,40
M0912,Produktion,29878,5.0,2,8,3,0,M,31
M0913,Produktion,28000,9.1,1,20,1,0,M,48
M0914,HR,49999,0.0,4,24,0,0,M,38
M0915,Marketing,28345,3.0,2,25,0,0,M,33
M0916,Vertrieb,34949,9.5,2,15,3,1,W,32
M0917,Logistik,34720,6.0,2,1,1,0,W,36
M0918,Marketing,63783,1.9,3,0,3,0,M,26
M0919,Produktion,39877,4.7,3,21,3,0,M,26
M0920,Finanzen,47847,0.0,3,19,0,0,M,47
M0921,Logistik,43176,3.5,3,5,1,0,M,60
M0922,Logistik,28000,9.7,2,3,2,0,W,42
M0923,Finanzen,61184,2.3,3,3,0,1,M,60
M0924,Finanzen,63853,2.6,2,22,3,0,W,28
M0925,IT,48783,0.0,2,19,0,0,W,61
M0926,IT,72463,0.0,3,24,3,0,W,46
M0927,HR,37888,4.3,2,2,3,0,W,52
M0928,Finanzen,66341,4.7,3,18,2,0,W,24
M0929,Produktion,28000,2.5,3,24,3,0,D,46
M0930,Vertrieb,49019,4.1,3,13,3,0,M,37
M0931,HR,38703,2.5,3,20,2,0,M,58
M0932,Logistik,40898,2.9,2,15,2,0,M,54
M0933,IT,61340,0.0,3,0,1,0,W,57
M0934,Marketing,60492,3.6,3,11,1,0,W,58
M0935,Logistik,37045,8.2,3,6,3,0,M,51
M0936,Vertrieb,43469,7.8,2,2,0,0,W,32
M0937,Marketing,55876,6.2,3,15,1,0,W,33
M0938,HR,48352,0.2,2,24,2,0,W,57
M0939,Finanzen,63662,3.6,3,1,1,0,M,46
M0940,Vertrieb,28000,5.2,3,8,1,0,M,58
M0941,Produktion,29122,6.7,1,17,2,0,W,54
M0942,Vertrieb,61609,5.4,4,8,1,0,M,46
M0943,Marketing,35440,2.3,3,3,3,0,W,28
M0944,Finanzen,68589,0.0,3,4,0,0,M,62
M0945,IT,72596,5.3,3,0,1,0,M,31
M0946,Produktion,30919,8.2,3,25,3,0,M,32
M0947,Finanzen,34057,0.5,3,12,1,0,W,27
M0948,Produktion,32017,8.7,2,24,2,0,M,24
M0949,Vertrieb,69936,4.7,3,17,2,0,W,37
M0950,Marketing,39367,3.0,2,9,1,0,M,56
M0951,Logistik,29234,4.2,2,24,2,0,W,57
M0952,IT,47036,4.1,2,6,0,0,M,42
M0953,HR,51718,1.3,3,4,2,0,M,34
M0954,HR,40056,0.9,4,20,0,0,D,36
M0955,HR,36992,4.2,2,14,2,0,W,59
M0956,HR,53307,2.2,2,10,0,1,W,24
M0957,Produktion,40056,6.5,2,15,3,0,W,24
M0958,Vertrieb,33968,8.1,2,25,2,1,M,24
M0959,Logistik,28000,4.5,2,7,0,0,W,58
M0960,Logistik,40949,5.1,3,23,0,0,M,25
M0961,Vertrieb,45201,6.9,2,23,0,1,W,60
M0962,Logistik,28000,1.9,3,19,3,0,W,29
M0963,Vertrieb,28000,6.7,2,4,2,0,W,44
M0964,IT,45259,1.5,3,2,1,0,W,61
M0965,Marketing,35605,6.1,2,3,1,1,W,26
M0966,Produktion,28000,8.9,3,18,0,0,W,33
M0967,Produktion,28303,8.5,2,10,0,0,M,51
M0968,Finanzen,46971,0.3,4,25,3,0,W,55
M0969,Produktion,32761,6.6,2,0,2,0,W,59
M0970,Vertrieb,65314,2.5,4,9,1,0,M,22
M0971,Logistik,32398,6.4,2,6,0,0,W,53
M0972,Finanzen,55989,0.0,3,22,1,1,M,35
M0973,IT,69638,0.0,4,3,1,0,W,44
M0974,IT,58440,5.4,3,10,0,0,W,59
M0975,Vertrieb,49801,7.1,3,22,2,0,M,58
M0976,IT,66209,2.3,3,25,2,0,M,29
M0977,Vertrieb,46471,3.3,3,23,3,0,W,41
M0978,Logistik,50598,3.2,3,16,1,0,M,33
M0979,Vertrieb,55933,6.6,3,4,1,0,D,47
M0980,Finanzen,45019,2.8,2,2,3,0,M,55
M0981,Logistik,36221,11.1,2,10,1,0,M,35
M0982,Vertrieb,35499,5.4,2,12,2,0,M,26
M0983,Finanzen,63355,3.6,3,13,2,1,W,24
M0984,HR,30998,0.4,2,1,3,0,W,24
M0985,Vertrieb,31706,4.9,3,17,1,0,W,37
M0986,Logistik,36063,7.0,2,10,2,0,W,61
M0987,Finanzen,69972,2.8,3,2,0,1,W,32
M0988,HR,46021,1.8,4,23,3,0,M,38
M0989,Produktion,41978,8.1,2,9,0,0,M,49
M0990,Logistik,36242,11.0,3,6,2,0,W,48
M0991,Produktion,37207,7.5,2,12,0,0,M,33
M0992,Logistik,30977,9.9,1,24,1,1,W,27
M0993,Marketing,56130,5.6,4,21,0,0,W,28
M0994,Marketing,58248,6.7,3,2,2,0,W,31
M0995,Vertrieb,44242,4.2,2,17,1,0,W,25
M0996,Finanzen,56596,3.1,2,17,2,0,W,40
M0997,Produktion,47139,6.3,2,23,1,0,W,48
M0998,Finanzen,57754,4.6,4,25,0,0,W,49
M0999,Finanzen,58908,5.1,2,19,2,1,M,59
M1000,Produktion,39389,7.4,2,17,2,1,M,34
M1001,Vertrieb,43826,8.6,2,9,2,1,M,48
M1002,Marketing,39796,2.6,2,23,1,0,W,58
M1003,Finanzen,62535,5.3,2,24,2,1,W,23
M1004,IT,61418,5.0,3,25,2,0,W,54
M1005,Logistik,45053,8.5,3,24,0,0,M,25
M1006,Vertrieb,54461,6.4,2,16,0,0,W,44
M1007,Produktion,31831,9.5,2,24,1,0,M,56
M1008,Finanzen,66748,1.7,3,20,0,1,W,40
M1009,Produktion,38155,7.7,2,6,2,0,M,44
M1010,Produktion,45165,8.1,2,0,0,0,W,47
M1011,HR,37804,0.5,2,25,0,0,W,45
M1012,Produktion,37320,8.7,2,11,0,0,M,51
M1013,Marketing,47009,0.9,3,22,1,0,M,57
M1014,Finanzen,58701,2.6,4,7,0,0,M,27
M1015,Logistik,28688,6.6,2,9,2,1,M,39
M1016,IT,70638,1.5,3,21,0,0,M,56
M1017,Marketing,52179,4.2,2,13,3,0,M,37
M1018,IT,81278,3.1,3,17,2,0,M,42
M1019,HR,41919,1.3,4,8,0,0,M,52
M1020,Produktion,33117,9.0,2,15,1,0,W,60
M1021,IT,73839,1.5,3,12,0,0,M,32
M1022,HR,35646,5.9,2,24,3,1,M,61
M1023,Marketing,58849,3.7,3,12,2,0,W,51
M1024,Produktion,43579,2.9,2,2,3,0,M,23
M1025,Vertrieb,60087,3.0,4,19,1,0,W,57
M1026,Vertrieb,49519,9.4,3,24,0,0,W,37
M1027,IT,54702,2.2,3,22,0,0,W,33
M1028,Marketing,49091,0.6,3,2,1,0,W,43
M1029,HR,45040,3.8,3,25,3,0,W,45
M1030,Logistik,30639,5.3,3,9,1,1,W,44
M1031,HR,52664,3.5,3,21,3,0,W,24
M1032,Vertrieb,51961,8.8,4,16,1,0,M,55
M1033,Finanzen,47293,4.0,3,25,0,0,W,36
M1034,IT,90243,7.8,3,8,1,0,W,27
M1035,Marketing,48973,0.0,3,15,0,0,W,45
M1036,Finanzen,44870,1.9,3,17,2,0,M,47
M1037,Vertrieb,35036,5.2,3,4,0,0,M,26
M1038,Finanzen,75853,8.0,3,20,2,0,W,60
M1039,HR,56599,5.2,3,3,1,0,M,46
M1040,Logistik,40056,10.4,2,21,1,0,W,62
M1041,Marketing,61193,2.0,3,3,2,0,M,49
M1042,Logistik,41299,4.5,2,4,2,0,M,22
M1043,Finanzen,64682,1.8,3,12,3,0,M,30
M1044,Produktion,38303,4.3,2,4,1,0,W,61
M1045,Vertrieb,51478,10.5,3,1,3,0,W,44
M1046,IT,73040,2.5,3,1,3,0,W,27
M1047,Produktion,30808,6.6,2,7,3,0,W,25
M1048,HR,47855,3.7,4,12,3,0,W,44
M1049,Marketing,62586,0.0,3,1,3,0,M,46
M1050,Logistik,32761,6.7,2,3,1,0,M,32
M1051,Marketing,44867,1.3,3,15,2,0,W,29
M1052,HR,45812,2.1,3,8,3,0,W,46
M1053,Produktion,31452,4.9,3,19,1,0,M,39
M1054,Logistik,28000,4.6,2,21,3,0,D,23
M1055,Logistik,40886,7.2,2,0,2,0,M,24
M1056,Finanzen,52588,3.9,4,24,1,0,W,31
M1057,IT,62276,2.6,3,17,3,1,W,45
M1058,IT,52848,3.7,2,21,0,0,M,34
M1059,Finanzen,73321,1.8,3,12,2,0,W,22
M1060,HR,48825,3.5,2,0,3,0,W,59
M1061,IT,58388,2.6,2,23,0,1,W,50
M1062,Finanzen,43841,2.5,3,14,1,0,W,45
M1063,Logistik,31918,4.1,2,0,2,0,M,32
M1064,IT,70552,2.5,4,4,0,0,M,51
M1065,Produktion,37320,13.5,2,5,3,0,M,60
M1066,Marketing,49090,3.8,3,9,2,1,M,49
M1067,Marketing,50116,1.1,2,11,1,1,M,34
M1068,Produktion,41311,10.2,3,11,1,0,W,38
M1069,Vertrieb,44497,4.6,3,22,0,0,M,60
M1070,Vertrieb,50400,6.9,3,24,0,0,W,22
M1071,Logistik,28078,4.7,2,17,2,0,M,31
M1072,Marketing,73538,7.2,2,16,3,0,M,26
M1073,Vertrieb,41593,4.2,3,22,1,0,W,48
M1074,Finanzen,60443,6.3,4,6,0,0,D,40
M1075,Vertrieb,51797,2.9,3,14,2,0,W,27
M1076,Produktion,33124,6.0,2,16,2,0,M,60
M1077,IT,62117,5.8,3,7,0,1,W,44
M1078,HR,41965,2.8,2,24,2,0,M,32
M1079,Marketing,38859,9.7,2,6,0,0,W,60
M1080,Logistik,36631,5.7,3,1,0,0,W,50
M1081,HR,28806,2.9,2,8,1,0,M,27
M1082,Logistik,44516,12.2,3,21,2,0,W,55
M1083,Vertrieb,54515,1.5,3,9,2,0,W,24
M1084,HR,47112,0.0,2,5,2,0,M,59
M1085,Produktion,28000,4.2,2,22,0,0,M,38
M1086,Vertrieb,35489,8.4,2,3,1,0,W,34
M1087,Logistik,42336,1.7,3,4,2,0,M,24
M1088,Produktion,65058,9.1,4,23,2,0,M,60
M1089,Finanzen,72336,4.6,4,8,0,0,M,44
M1090,Vertrieb,57443,12.0,3,0,3,0,W,46
M1091,Produktion,39674,10.7,2,11,0,0,M,56
M1092,Produktion,30067,8.3,1,19,3,0,W,42
M1093,Marketing,57951,7.4,3,19,2,0,W,33
M1094,Finanzen,44785,4.6,2,2,0,1,M,53
M1095,IT,43841,2.1,4,7,1,0,M,43
M1096,Marketing,35264,1.1,2,16,1,0,W,31
M1097,Vertrieb,56708,4.3,3,17,3,0,M,56
M1098,HR,41540,2.4,2,16,2,0,M,55
M1099,HR,42806,2.8,3,8,1,0,M,32
M1100,HR,41876,0.0,3,22,3,0,W,48
M1101,Finanzen,44491,3.1,3,2,0,0,W,59
M1102,Logistik,29975,6.6,2,21,3,0,W,54
M1103,Vertrieb,37554,7.6,3,24,3,0,M,30
M1104,Vertrieb,28136,10.9,1,17,1,1,M,57
M1105,Vertrieb,38949,6.6,2,11,0,0,W,24
M1106,Logistik,28000,3.8,3,9,3,0,M,47
M1107,IT,70665,0.0,4,11,3,0,D,42
M1108,IT,71914,4.4,3,4,1,0,W,23
M1109,Vertrieb,29476,3.4,2,5,0,0,M,51
M1110,Produktion,33923,10.0,2,16,1,0,W,34
M1111,Finanzen,80272,6.3,3,14,0,1,W,56
M1112,Logistik,28115,1.9,2,12,2,0,W,57
M1113,Vertrieb,50119,7.7,3,12,2,0,M,46
M1114,Marketing,49055,7.2,2,2,1,0,W,47
M1115,HR,50743,4.0,2,22,2,1,M,24
M1116,IT,66432,0.0,4,24,2,0,W,58
M1117,Logistik,31412,3.9,2,6,0,0,M,49
M1118,Produktion,36467,2.5,2,8,1,0,M,37
M1119,Vertrieb,45976,7.6,2,16,3,1,W,25
M1120,Produktion,35358,8.4,2,0,3,1,M,42
M1121,HR,31447,0.0,2,2,3,0,M,58
M1122,Marketing,60430,3.2,3,23,3,0,W,57
M1123,Logistik,40398,8.9,2,4,0,0,M,26
M1124,HR,33646,2.7,3,15,1,0,W,53
M1125,Vertrieb,41391,6.4,2,22,1,1,W,25
M1126,Produktion,34424,5.7,3,19,2,0,M,37
M1127,Produktion,28000,3.3,1,7,3,0,W,40
M1128,Vertrieb,28000,5.9,1,3,2,0,D,22
M1129,Finanzen,49952,3.6,4,18,2,0,W,27
M1130,Finanzen,53723,4.7,3,10,0,0,W,58
M1131,Vertrieb,28000,8.1,2,25,2,0,W,47
M1132,HR,43415,2.6,3,16,3,0,W,54
M1133,Produktion,44139,10.8,2,0,3,1,M,45
M1134,Vertrieb,55105,4.9,3,6,2,1,W,40
M1135,Produktion,35113,1.9,2,19,0,0,M,22
M1136,Produktion,28000,8.7,2,18,0,0,M,44
M1137,Logistik,38294,6.9,3,19,2,0,M,53
M1138,Marketing,49463,5.2,3,6,3,1,W,30
M1139,Vertrieb,50092,2.2,4,6,3,1,M,42
M1140,Logistik,45616,11.9,2,5,1,0,M,38
M1141,HR,35401,3.6,2,18,2,0,M,57
M1142,HR,28000,2.1,3,0,0,0,M,28
M1143,HR,33572,1.1,2,21,2,0,D,26
M1144,HR,45888,4.1,3,7,0,0,M,30
M1145,Finanzen,58323,1.3,3,12,3,0,M,28
M1146,Marketing,35843,9.7,2,6,3,0,W,56
M1147,Marketing,33802,2.5,3,11,0,0,M,32
M1148,Marketing,44453,8.3,2,19,3,0,M,36
M1149,Finanzen,43046,3.1,3,5,3,0,W,32
M1150,Produktion,39644,12.5,2,14,1,0,W,55
M1151,HR,38708,1.4,3,1,1,0,M,49
M1152,Finanzen,50474,3.5,2,4,0,0,W,41
M1153,Marketing,40417,6.0,2,17,3,0,W,54
M1154,Produktion,37841,9.3,2,14,0,0,W,24
M1155,Marketing,48426,6.8,3,15,3,0,M,49
M1156,Marketing,50019,2.8,3,5,2,0,W,36
M1157,IT,64701,3.2,2,5,3,0,W,37
M1158,Vertrieb,44133,9.7,3,11,1,0,W,28
M1159,Produktion,28768,4.5,2,3,3,0,W,25
M1160,IT,51044,4.1,3,23,1,1,W,50
M1161,Vertrieb,40263,5.3,2,6,1,0,W,56
M1162,Produktion,50456,7.7,2,18,1,0,M,59
M1163,Logistik,28000,6.8,3,4,3,0,M,31
M1164,Marketing,43810,2.0,3,16,1,0,W,53
M1165,Marketing,48982,3.3,2,5,1,1,M,26
M1166,HR,39573,2.7,3,7,2,0,W,53
M1167,Produktion,43517,6.6,3,10,2,0,W,45
M1168,HR,39532,4.9,3,3,2,0,W,57
M1169,Vertrieb,42185,9.0,2,3,1,0,M,24
M1170,HR,48517,2.9,2,19,0,1,W,53
M1171,Vertrieb,66728,3.7,3,8,3,1,W,41
M1172,Finanzen,74889,1.9,4,14,1,0,W,45
M1173,IT,59950,6.9,3,16,3,0,W,44
M1174,Finanzen,57405,1.5,2,16,1,0,M,51
M1175,IT,62700,3.2,3,16,2,0,W,46
M1176,Logistik,34881,7.6,2,25,2,0,M,39
M1177,Finanzen,47831,2.9,3,16,3,0,W,39
M1178,IT,76048,1.0,3,9,0,1,M,24
M1179,Logistik,35239,4.1,2,7,2,1,M,51
M1180,Finanzen,57461,2.4,4,20,0,0,M,50
M1181,Finanzen,42746,2.1,3,10,3,1,M,45
M1182,IT,62934,5.7,3,14,2,0,W,51
M1183,Vertrieb,28000,6.0,2,21,3,0,W,33
M1184,Produktion,31928,5.2,2,6,1,0,M,31
M1185,HR,37495,2.7,2,5,0,0,M,59
M1186,Finanzen,61443,4.8,3,1,2,1,W,61
M1187,Logistik,45279,5.5,3,1,0,0,M,56
M1188,Marketing,53719,6.3,3,16,1,0,M,24
M1189,Marketing,62484,0.8,3,13,1,0,M,44
M1190,Produktion,40516,11.1,2,7,0,0,W,52
M1191,IT,78875,3.0,4,5,0,0,D,23
M1192,HR,56857,2.4,4,18,2,0,M,61
M1193,Produktion,30877,4.6,3,2,3,0,W,54
M1194,Vertrieb,35434,2.3,2,18,1,0,W,34
M1195,Marketing,54688,0.0,4,23,1,0,D,42
M1196,HR,41970,1.4,3,11,0,0,W,59
M1197,IT,65305,4.2,4,12,2,0,W,56
M1198,IT,58269,1.1,3,13,3,0,W,55
M1199,Vertrieb,37844,1.4,2,2,2,0,W,62
M1200,Logistik,43724,3.8,3,16,1,0,M,52
M1201,Vertrieb,31801,4.8,3,9,2,0,W,60
M1202,Produktion,40804,5.8,2,12,3,0,W,61
M1203,Marketing,53242,3.7,3,0,3,0,M,22
M1204,Produktion,28000,10.6,1,22,0,0,M,48
M1205,Marketing,39692,7.1,3,8,1,0,M,35
M1206,Logistik,30023,12.5,2,1,3,0,M,42
M1207,Marketing,53645,0.0,3,20,2,0,M,28
M1208,Produktion,33430,4.0,2,25,3,0,M,49
M1209,Produktion,35400,9.4,2,13,3,0,M,56
M1210,HR,30338,1.8,2,0,0,0,W,38
M1211,Finanzen,85910,5.2,3,25,2,0,M,50
M1212,IT,63067,3.4,2,5,2,0,M,35
M1213,HR,45992,4.9,3,6,1,0,M,52
M1214,Marketing,42593,6.6,2,18,2,0,M,25
M1215,Logistik,30084,9.7,1,8,0,0,M,58
M1216,Logistik,45476,5.3,1,2,1,0,D,37
M1217,Produktion,28000,6.7,3,17,1,0,M,42
M1218,Logistik,35671,5.6,3,6,1,0,M,54
M1219,Logistik,28000,2.0,2,22,2,0,W,23
M1220,Produktion,33164,12.2,2,4,3,1,W,60
M1221,Finanzen,50342,5.0,3,23,3,0,M,47
M1222,Vertrieb,33168,5.0,2,18,2,0,M,61
M1223,Produktion,36248,11.6,2,6,1,0,W,44
M1224,Vertrieb,28000,4.1,2,15,3,0,M,30
M1225,Vertrieb,41214,0.5,3,24,3,0,M,45
M1226,Logistik,33458,9.5,3,1,3,0,D,45
M1227,IT,41610,0.4,3,21,3,0,D,59
M1228,IT,84698,2.6,4,11,3,0,W,45
M1229,HR,37244,2.8,3,24,3,0,M,38
M1230,Finanzen,55150,4.3,3,5,2,0,W,29
M1231,IT,53116,4.7,4,18,2,0,W,35
M1232,Marketing,47184,5.5,3,25,2,0,W,45
M1233,Vertrieb,60697,7.6,4,8,1,0,M,37
M1234,Marketing,72730,2.0,3,2,3,0,M,36
M1235,Vertrieb,53947,6.9,4,10,2,0,M,22
M1236,Finanzen,71055,0.5,3,15,2,0,W,60
M1237,HR,55731,4.8,3,16,2,0,M,56
M1238,Logistik,35493,2.3,1,12,0,0,M,32
M1239,IT,85553,2.3,4,24,3,0,M,27
M1240,Produktion,41546,2.4,2,15,2,1,M,56
M1241,Logistik,34863,4.3,3,16,3,0,W,56
M1242,HR,44802,2.5,2,24,0,1,M,58
M1243,Finanzen,36142,2.4,3,24,0,0,M,44
M1244,HR,44336,4.2,3,8,3,0,W,52
M1245,Finanzen,39475,4.0,4,7,2,0,W,51
M1246,Logistik,28000,5.1,2,19,2,0,W,30
M1247,HR,43543,2.3,3,13,1,0,W,43
M1248,Finanzen,44631,5.9,2,11,2,0,M,32
M1249,Logistik,33957,9.2,2,18,2,0,M,52
M1250,HR,43107,0.8,2,17,0,0,M,61
M1251,Vertrieb,47196,4.0,2,23,2,0,W,25
M1252,Finanzen,47150,4.4,2,9,2,0,W,25
M1253,Finanzen,68784,4.2,3,19,1,0,M,32
M1254,Vertrieb,43929,2.8,2,5,1,0,W,26
M1255,Produktion,39087,9.6,2,24,3,0,W,22
M1256,IT,44053,1.2,3,2,2,1,D,62
M1257,Marketing,46216,7.3,3,19,1,0,M,45
M1258,Produktion,43681,8.9,2,2,2,0,M,53
M1259,Finanzen,69642,1.2,4,22,0,0,W,45
M1260,Finanzen,48432,2.4,2,24,1,0,W,52
M1261,Finanzen,51453,2.4,3,21,2,0,W,50
M1262,Vertrieb,33135,6.5,3,20,1,0,W,28
M1263,Logistik,30061,5.9,2,12,0,0,M,28
M1264,Marketing,34009,1.1,2,6,2,0,W,42
M1265,Produktion,35032,2.1,3,25,3,0,M,37
M1266,Logistik,37798,8.1,2,13,1,0,M,56
M1267,Vertrieb,35579,6.9,2,21,3,0,M,34
M1268,Finanzen,56912,3.7,3,18,3,1,M,35
M1269,IT,58692,3.5,3,18,2,0,M,43
M1270,Finanzen,70661,2.3,3,9,3,0,W,29
M1271,HR,37107,2.8,2,11,1,0,W,57
M1272,IT,53371,8.1,2,11,3,0,M,22
M1273,Finanzen,47847,5.8,2,15,0,0,M,56
M1274,Logistik,28000,5.6,3,18,1,0,M,47
M1275,IT,69937,2.0,3,5,2,0,M,58
M1276,Logistik,33189,0.0,3,5,0,0,M,34
M1277,Produktion,36383,10.7,2,1,3,1,W,58
M1278,HR,52197,3.7,2,13,3,0,W,57
M1279,Logistik,41992,4.9,2,17,0,0,W,40
M1280,Marketing,31537,0.4,2,5,3,0,W,33
M1281,Produktion,40534,3.0,2,18,0,0,W,30
M1282,Finanzen,60707,4.4,3,0,0,0,M,28
M1283,Finanzen,52460,3.3,3,22,3,0,M,45
M1284,Produktion,38293,9.4,3,17,2,0,M,61
M1285,Logistik,28000,6.8,3,17,3,0,M,45
M1286,Produktion,46238,10.4,2,18,1,0,W,61
M1287,Finanzen,64179,4.2,4,9,2,0,M,52
M1288,Logistik,28808,9.0,3,25,0,0,M,50
M1289,HR,37316,0.0,3,19,2,0,M,51
M1290,Finanzen,37562,1.0,3,4,3,1,M,60
M1291,Vertrieb,41232,4.9,3,23,2,0,W,57
M1292,Marketing,43172,6.7,2,19,3,0,M,28
M1293,Logistik,28000,12.1,2,8,1,0,W,45
M1294,HR,48213,2.3,2,24,3,0,M,40
M1295,HR,52214,1.6,2,6,2,0,M,58
M1296,Produktion,35808,0.2,3,16,0,0,M,30
M1297,Marketing,44943,6.2,2,17,1,0,W,55
M1298,Vertrieb,50219,4.3,2,25,1,0,M,41
M1299,IT,61705,8.9,3,14,0,0,W,60
M1300,Vertrieb,32013,3.8,2,25,3,1,M,54
M1301,HR,36778,5.7,3,7,0,1,W,36
M1302,Produktion,33924,9.6,2,20,2,0,W,56
M1303,Marketing,50481,1.4,3,6,3,0,W,29
M1304,HR,42074,2.8,3,25,1,0,M,22
M1305,Vertrieb,47524,8.3,2,19,2,0,M,42
M1306,Produktion,28000,6.2,2,16,2,0,W,37
M1307,HR,47321,3.8,3,1,3,0,W,27
M1308,Vertrieb,45040,8.4,2,12,0,0,M,62
M1309,Finanzen,88632,4.7,4,3,1,0,M,23
M1310,Marketing,44123,4.0,2,23,2,1,M,46
M1311,Logistik,35940,3.0,2,9,0,0,M,32
M1312,Vertrieb,78950,5.8,4,21,3,0,M,34
M1313,Logistik,35164,7.0,3,23,2,0,M,30
M1314,Finanzen,57188,0.0,3,2,0,0,M,37
M1315,IT,47196,3.3,3,19,0,0,W,49
M1316,Produktion,46697,6.7,3,7,0,1,W,35
M1317,Produktion,28000,2.5,3,2,2,0,W,51
M1318,HR,45416,2.0,2,6,2,0,W,40
M1319,Vertrieb,39317,5.1,2,14,1,0,W,54
M1320,HR,40485,5.4,2,22,2,0,M,40
M1321,Finanzen,40912,3.9,2,17,1,1,W,36
M1322,IT,82146,5.1,4,6,1,1,M,42
M1323,Marketing,45222,3.7,2,7,0,0,M,50
M1324,Finanzen,43418,0.0,3,7,0,1,W,41
M1325,HR,52021,3.5,2,19,2,0,M,59
M1326,Logistik,30975,4.5,2,13,2,0,W,43
M1327,Vertrieb,49015,5.0,3,0,0,0,W,34
M1328,Produktion,41889,3.3,2,1,0,1,M,23
M1329,Marketing,52740,4.2,3,1,1,1,M,38
M1330,Vertrieb,28000,9.2,2,24,2,0,W,24
M1331,Logistik,38172,9.3,3,13,2,0,W,23
M1332,Finanzen,56792,6.7,2,12,2,0,W,37
M1333,HR,39367,5.1,3,19,0,1,M,33
M1334,Marketing,46909,0.0,4,4,1,1,W,58
M1335,Logistik,28000,2.9,2,0,3,0,M,51
M1336,IT,64882,0.0,3,7,2,0,M,54
M1337,IT,41534,4.3,2,5,3,0,W,44
M1338,Vertrieb,41569,3.9,2,20,2,0,M,26
M1339,Finanzen,59875,2.5,3,21,3,0,M,56
M1340,IT,78110,2.6,3,16,2,0,M,42
M1341,Produktion,30262,8.3,1,23,2,0,W,39
M1342,Vertrieb,62419,1.5,4,12,2,0,W,46
M1343,Finanzen,69362,1.0,3,6,1,0,W,28
M1344,Produktion,32994,7.0,2,8,1,0,M,41
M1345,Logistik,28000,10.1,2,3,0,0,M,46
M1346,Marketing,33561,3.9,2,23,1,0,W,50
M1347,IT,66076,1.4,3,15,0,0,M,42
M1348,Produktion,30839,0.0,3,20,1,0,M,62
M1349,HR,51594,3.9,3,7,3,0,M,62
M1350,Logistik,29922,4.3,3,18,1,0,W,25
M1351,Vertrieb,34191,2.6,3,8,2,1,W,25
M1352,Finanzen,60803,0.1,4,11,1,0,M,43
M1353,IT,51709,0.1,3,16,3,1,M,55
M1354,HR,42068,1.1,3,25,0,0,W,43
M1355,IT,76789,2.5,3,14,3,1,W,30
M1356,Produktion,36820,2.8,3,18,2,0,M,45
M1357,Finanzen,59451,3.9,3,15,3,0,M,60
M1358,IT,65077,2.5,3,11,0,0,W,28
M1359,HR,28455,5.8,2,24,3,0,W,40
M1360,Marketing,51918,0.0,3,24,3,0,W,48
M1361,Finanzen,59919,3.8,3,8,1,0,W,38
M1362,HR,49143,2.8,3,23,2,0,W,23
M1363,HR,46846,1.0,3,11,2,0,M,49
M1364,Produktion,34586,7.3,3,19,0,1,M,52
M1365,HR,50259,3.7,3,13,2,0,M,48
M1366,Produktion,33951,7.3,3,19,2,1,W,49
M1367,Logistik,35482,10.7,2,22,0,0,M,48
M1368,Produktion,33821,0.0,3,11,1,0,M,35
M1369,Logistik,36770,4.0,1,18,2,1,M,22
M1370,Finanzen,53482,6.5,3,13,3,0,W,62
M1371,HR,55180,3.9,2,20,0,0,W,30
M1372,HR,58138,3.3,2,4,3,0,M,55
M1373,Vertrieb,55487,9.7,3,18,3,0,M,44
M1374,Produktion,46789,0.3,3,15,3,0,W,44
M1375,Finanzen,39529,5.1,2,11,0,0,M,22
M1376,Logistik,28000,9.7,2,9,2,1,W,62
M1377,Finanzen,54141,2.2,3,18,1,0,M,43
M1378,HR,42329,6.4,2,9,3,0,W,56
M1379,Marketing,46017,4.5,3,0,2,0,M,53
M1380,Logistik,28000,0.0,2,24,2,0,W,27
M1381,Produktion,44061,8.3,3,11,0,0,M,60
M1382,Logistik,46925,4.3,3,4,3,0,M,46
M1383,Finanzen,73371,5.8,2,5,1,0,W,29
M1384,HR,50684,3.3,3,21,0,0,W,45
M1385,IT,65391,1.8,3,8,3,0,W,47
M1386,IT,49355,6.0,3,7,3,0,W,48
M1387,Finanzen,58870,5.4,2,12,1,0,W,35
M1388,Vertrieb,70267,3.5,3,0,2,0,W,60
M1389,IT,56720,2.7,4,14,2,0,M,31
M1390,Produktion,32815,8.8,2,1,1,0,W,42
M1391,Finanzen,71287,2.8,3,21,2,0,M,56
M1392,IT,79605,2.3,3,11,3,0,M,25
M1393,HR,35216,2.6,2,5,3,0,W,38
M1394,HR,39908,0.9,3,11,2,0,M,41
M1395,IT,54471,0.0,3,4,1,1,M,53
M1396,Finanzen,58836,4.0,2,8,3,0,M,54
M1397,Marketing,59036,0.0,3,3,3,0,W,54
M1398,Logistik,29175,3.5,2,17,0,0,W,36
M1399,IT,78344,0.0,4,25,1,0,M,42
M1400,Produktion,36711,1.2,2,12,2,0,M,23
M1401,IT,95000,3.9,4,2,2,0,M,55
M1402,Produktion,38231,6.2,2,1,2,0,M,34
M1403,Produktion,35321,6.1,2,21,2,0,M,41
M1404,Marketing,53747,0.7,3,9,0,0,M,49
M1405,Vertrieb,40954,4.0,3,7,0,1,W,53
M1406,IT,35070,3.8,2,2,3,0,W,25
M1407,Marketing,45594,3.9,2,17,2,0,M,53
M1408,Finanzen,54924,5.1,3,1,2,0,M,37
M1409,Produktion,28000,10.4,2,23,1,0,M,39
M1410,Vertrieb,44123,5.2,2,5,1,0,M,27
M1411,IT,30993,0.0,3,1,1,0,M,51
M1412,HR,39218,1.4,3,18,2,0,W,41
M1413,Finanzen,60923,3.3,3,9,2,1,W,26
M1414,Logistik,34581,4.2,2,18,0,0,M,27
M1415,Produktion,33122,3.3,2,1,1,0,M,51
M1416,HR,41315,2.6,3,22,3,0,W,26
M1417,Finanzen,48591,8.4,2,8,2,0,W,43
M1418,Finanzen,58129,2.5,4,19,3,0,M,50
M1419,HR,42464,2.5,4,24,2,0,W,59
M1420,Finanzen,47197,0.9,3,13,1,0,M,28
M1421,Vertrieb,48212,9.7,2,8,3,0,W,34
M1422,Produktion,37830,10.1,3,8,2,0,M,28
M1423,Logistik,33002,8.9,3,17,0,0,W,58
M1424,HR,61368,4.5,4,0,1,0,M,46
M1425,HR,40874,1.9,2,3,2,0,W,62
M1426,HR,39766,2.0,2,16,1,1,W,23
M1427,Produktion,33043,13.0,2,0,1,1,W,50
M1428,Vertrieb,33348,7.9,2,7,3,0,W,23
M1429,Marketing,54858,0.0,4,16,1,0,M,26
M1430,Finanzen,49765,4.4,4,6,1,0,W,39
M1431,Finanzen,51184,2.3,2,24,0,0,M,37
M1432,Marketing,42617,6.2,2,25,1,0,W,36
M1433,IT,47225,3.8,2,0,3,0,M,24
M1434,HR,28000,0.0,2,4,1,0,M,44
M1435,Finanzen,52444,4.0,3,23,1,0,M,35
M1436,Produktion,42113,7.7,3,0,2,0,W,62
M1437,IT,64954,3.7,3,12,3,0,W,54
M1438,IT,85408,4.2,2,24,3,0,M,39
M1439,Marketing,55509,7.7,2,15,1,1,W,53
M1440,HR,46191,3.1,2,7,0,0,M,45
M1441,IT,90239,3.0,3,0,2,1,M,42
M1442,Vertrieb,43834,9.4,2,10,1,0,M,59
M1443,Marketing,48630,9.6,2,14,1,0,W,46
M1444,Vertrieb,44862,8.7,2,2,0,1,W,41
M1445,Finanzen,76525,3.9,3,13,3,0,W,45
M1446,IT,62037,3.9,2,10,0,0,M,54
M1447,Logistik,30110,7.3,2,8,1,0,M,52
M1448,Vertrieb,52052,6.1,2,25,1,0,W,44
M1449,HR,35469,5.7,3,23,0,0,M,29
M1450,Logistik,37200,4.3,2,18,3,0,W,48
M1451,Finanzen,62966,5.8,3,15,2,0,D,39
M1452,Logistik,32863,6.1,2,12,2,0,M,60
M1453,IT,70487,0.0,4,1,0,0,M,59
M1454,Produktion,28000,6.3,2,7,0,0,W,22
M1455,IT,64444,1.9,4,0,0,1,W,62
M1456,Finanzen,52446,4.7,2,9,2,0,W,58
M1457,Marketing,76622,4.2,3,12,2,0,W,59
M1458,Produktion,37090,3.4,2,15,3,0,M,42
M1459,IT,53054,5.9,2,9,3,0,W,33
M1460,Logistik,28000,9.8,2,6,1,0,W,46
M1461,HR,52443,4.9,4,18,0,0,W,58
M1462,HR,39199,2.9,2,3,0,0,M,40
M1463,HR,35669,2.4,2,3,3,0,W,62
M1464,IT,67044,4.4,2,18,3,0,M,32
M1465,Marketing,54497,2.6,2,15,2,0,M,56
M1466,Finanzen,65607,3.8,3,22,0,0,D,24
M1467,Logistik,34118,6.0,2,19,3,0,D,56
M1468,Logistik,34955,2.1,2,23,3,0,W,60
M1469,HR,43856,2.7,3,17,0,0,W,50
M1470,Vertrieb,49036,4.7,2,21,3,0,M,47
M1471,HR,45399,2.1,2,4,2,0,W,38
M1472,HR,50755,3.0,3,13,3,0,W,57
M1473,Marketing,48564,7.2,2,24,2,1,W,27
M1474,Marketing,39831,1.9,2,20,0,0,W,33
M1475,Logistik,33134,5.5,2,10,2,0,W,27
M1476,Marketing,55537,2.1,3,24,0,0,W,33
M1477,IT,35202,1.3,3,8,1,0,M,43
M1478,Produktion,28000,4.9,1,0,3,0,W,35
M1479,Finanzen,69019,3.1,4,20,3,0,M,39
M1480,Marketing,63201,5.5,3,10,1,1,M,31
M1481,Finanzen,42817,4.1,3,0,1,1,W,36
M1482,Logistik,34602,3.3,3,5,1,0,W,42
M1483,Logistik,31602,10.4,2,1,0,1,W,30
M1484,Produktion,34174,10.3,2,25,2,1,M,60
M1485,Finanzen,61666,1.7,4,22,1,0,M,58
M1486,IT,42606,5.4,3,24,0,0,W,57
M1487,HR,33142,3.0,2,4,2,1,W,22
M1488,Produktion,33891,6.5,2,20,2,0,D,42
M1489,Produktion,34982,8.3,3,14,2,1,W,54
M1490,Produktion,28118,6.9,2,7,3,0,M,36
M1491,Logistik,38737,8.1,2,17,2,0,W,31
M1492,HR,38659,2.8,3,24,2,0,M,47
M1493,IT,55672,2.3,3,11,0,1,W,22
M1494,HR,44261,0.0,3,0,1,0,W,47
M1495,Marketing,46710,5.3,3,21,1,0,M,40
M1496,Produktion,41862,5.7,2,4,3,0,W,50
M1497,Produktion,29466,9.7,1,4,1,0,W,49
M1498,Marketing,34026,5.2,2,16,2,0,M,43
M1499,Marketing,44902,3.1,3,20,2,1,M,45
M1500,Vertrieb,45722,9.1,3,20,0,0,W,23
