order_id,customer_id,product_id,bestelldatum,menge,status
1001,69,38,2023-05-19,4,abgeschlossen
1002,75,45,2023-08-02,8,abgeschlossen
1003,157,6,2023-06-09,8,abgeschlossen
1004,62,23,2023-05-19,9,storniert
1005,181,2,2023-05-25,3,abgeschlossen
1006,45,26,2023-06-09,8,abgeschlossen
1007,27,14,2023-03-24,3,abgeschlossen
1008,116,18,2023-06-04,2,abgeschlossen
1009,162,38,2023-10-15,2,storniert
1010,142,32,2023-11-13,9,in_bearbeitung
1011,41,14,2023-10-08,4,in_bearbeitung
1012,106,30,2023-03-05,5,abgeschlossen
1013,74,13,2023-07-11,2,in_bearbeitung
1014,60,40,2023-06-05,9,abgeschlossen
1015,42,31,2023-04-01,7,abgeschlossen
1016,122,37,2023-05-22,3,in_bearbeitung
1017,179,45,2023-02-11,6,abgeschlossen
1018,11,38,2023-09-06,7,abgeschlossen
1019,163,22,2023-10-22,6,abgeschlossen
1020,147,28,2023-09-15,6,abgeschlossen
1021,118,19,2023-12-03,8,abgeschlossen
1022,65,43,2023-01-01,8,abgeschlossen
1023,189,16,2023-04-19,5,in_bearbeitung
1024,47,5,2023-05-05,4,in_bearbeitung
1025,14,44,2023-03-05,5,storniert
1026,67,49,2023-07-25,9,abgeschlossen
1027,180,2,2023-12-04,6,in_bearbeitung
1028,109,10,2023-09-01,3,in_bearbeitung
1029,160,47,2023-03-19,3,abgeschlossen
1030,10,19,2023-04-21,1,abgeschlossen
1031,124,20,2023-05-22,5,abgeschlossen
1032,17,29,2023-08-04,6,abgeschlossen
1033,168,25,2023-01-16,8,abgeschlossen
1034,196,17,2023-02-23,9,abgeschlossen
1035,191,13,2023-05-21,7,abgeschlossen
1036,143,45,2023-12-02,1,abgeschlossen
1037,97,16,2023-03-20,7,abgeschlossen
1038,167,35,2023-05-29,9,in_bearbeitung
1039,57,36,2023-05-07,4,in_bearbeitung
1040,138,39,2023-06-07,7,abgeschlossen
1041,71,3,2023-10-06,9,abgeschlossen
1042,97,9,2023-02-07,1,abgeschlossen
1043,17,40,2023-06-06,9,abgeschlossen
1044,76,50,2023-11-29,4,abgeschlossen
1045,17,46,2023-10-15,8,in_bearbeitung
1046,111,29,2023-04-22,3,abgeschlossen
1047,120,5,2023-07-09,2,in_bearbeitung
1048,144,3,2023-04-16,8,in_bearbeitung
1049,119,10,2023-04-01,8,abgeschlossen
1050,78,31,2023-12-20,3,abgeschlossen
1051,3,11,2023-10-28,8,abgeschlossen
1052,108,17,2023-02-18,6,abgeschlossen
1053,51,40,2023-06-10,9,abgeschlossen
1054,114,41,2023-01-04,6,storniert
1055,94,8,2023-07-17,8,in_bearbeitung
1056,174,2,2023-11-16,2,storniert
1057,116,4,2023-12-30,1,abgeschlossen
1058,183,16,2023-09-11,2,abgeschlossen
1059,105,41,2023-03-31,4,abgeschlossen
1060,99,41,2023-11-08,9,abgeschlossen
1061,154,21,2023-01-20,7,abgeschlossen
1062,76,5,2023-03-18,9,abgeschlossen
1063,159,35,2023-08-08,9,abgeschlossen
1064,81,14,2023-06-11,9,storniert
1065,72,15,2023-12-09,8,storniert
1066,147,6,2023-04-25,6,abgeschlossen
1067,196,16,2023-04-04,7,in_bearbeitung
1068,143,23,2023-05-13,2,abgeschlossen
1069,111,31,2023-06-21,1,abgeschlossen
1070,58,42,2023-04-24,5,in_bearbeitung
1071,78,46,2023-01-09,8,abgeschlossen
1072,158,12,2023-10-26,3,in_bearbeitung
1073,48,41,2023-09-17,7,abgeschlossen
1074,56,19,2023-06-19,5,in_bearbeitung
1075,42,12,2023-11-17,8,storniert
1076,24,45,2023-04-08,6,abgeschlossen
1077,110,13,2023-06-18,6,abgeschlossen
1078,52,49,2023-11-07,7,abgeschlossen
1079,171,2,2023-08-06,7,abgeschlossen
1080,34,20,2023-12-09,4,abgeschlossen
1081,188,31,2023-12-12,8,in_bearbeitung
1082,3,9,2023-02-13,6,abgeschlossen
1083,68,21,2023-09-18,8,storniert
1084,139,8,2023-10-12,7,in_bearbeitung
1085,141,39,2023-05-06,1,abgeschlossen
1086,50,37,2023-09-17,4,abgeschlossen
1087,82,29,2023-12-21,7,abgeschlossen
1088,19,19,2023-08-02,9,abgeschlossen
1089,44,35,2023-11-01,2,abgeschlossen
1090,161,45,2023-07-19,5,abgeschlossen
1091,166,38,2023-08-24,9,abgeschlossen
1092,3,26,2023-12-07,9,abgeschlossen
1093,113,11,2023-05-16,6,in_bearbeitung
1094,65,36,2023-04-26,7,in_bearbeitung
1095,163,35,2023-06-04,9,abgeschlossen
1096,164,4,2023-12-07,8,abgeschlossen
1097,166,3,2023-11-13,6,in_bearbeitung
1098,39,45,2023-12-08,6,storniert
1099,153,47,2023-01-18,7,abgeschlossen
1100,64,12,2023-01-04,7,abgeschlossen
1101,104,32,2023-06-14,2,abgeschlossen
1102,13,47,2023-05-07,9,abgeschlossen
1103,68,26,2023-08-01,4,abgeschlossen
1104,70,43,2023-02-17,9,abgeschlossen
1105,75,43,2023-02-15,3,abgeschlossen
1106,1,13,2023-02-15,5,abgeschlossen
1107,200,44,2023-02-17,5,abgeschlossen
1108,182,38,2023-07-06,7,abgeschlossen
1109,98,29,2023-04-30,4,in_bearbeitung
1110,104,19,2023-05-12,4,abgeschlossen
1111,116,35,2023-01-19,1,storniert
1112,137,48,2023-10-02,6,abgeschlossen
1113,164,41,2023-08-20,4,abgeschlossen
1114,113,27,2023-02-11,5,abgeschlossen
1115,103,46,2023-04-02,9,abgeschlossen
1116,37,31,2023-09-18,4,abgeschlossen
1117,106,3,2023-02-17,1,abgeschlossen
1118,187,35,2023-10-09,9,in_bearbeitung
1119,108,24,2023-03-15,5,in_bearbeitung
1120,21,7,2023-08-04,7,abgeschlossen
1121,148,35,2023-08-09,3,in_bearbeitung
1122,129,21,2023-04-19,4,abgeschlossen
1123,187,1,2023-05-15,9,abgeschlossen
1124,28,44,2023-12-09,1,abgeschlossen
1125,199,6,2023-08-26,5,abgeschlossen
1126,184,39,2023-06-04,8,abgeschlossen
1127,108,34,2023-11-25,7,abgeschlossen
1128,9,18,2023-02-25,4,abgeschlossen
1129,193,25,2023-07-17,7,abgeschlossen
1130,164,15,2023-11-11,1,abgeschlossen
1131,162,47,2023-02-07,6,abgeschlossen
1132,32,32,2023-12-07,9,abgeschlossen
1133,66,42,2023-12-05,3,abgeschlossen
1134,100,49,2023-08-05,4,in_bearbeitung
1135,153,50,2023-08-19,8,abgeschlossen
1136,179,18,2023-12-08,5,abgeschlossen
1137,191,31,2023-09-14,5,abgeschlossen
1138,173,29,2023-07-28,1,in_bearbeitung
1139,154,15,2023-07-20,6,abgeschlossen
1140,21,23,2023-05-17,2,abgeschlossen
1141,82,38,2023-05-08,1,abgeschlossen
1142,179,41,2023-02-22,6,storniert
1143,24,11,2023-12-10,5,abgeschlossen
1144,111,15,2023-03-25,5,abgeschlossen
1145,92,23,2023-07-28,9,abgeschlossen
1146,12,3,2023-11-29,3,abgeschlossen
1147,139,19,2023-10-12,1,abgeschlossen
1148,155,1,2023-02-05,8,in_bearbeitung
1149,23,24,2023-08-03,5,abgeschlossen
1150,161,49,2023-01-27,5,abgeschlossen
1151,92,11,2023-05-26,8,abgeschlossen
1152,166,30,2023-01-18,8,abgeschlossen
1153,183,50,2023-04-28,2,abgeschlossen
1154,198,11,2023-05-17,3,abgeschlossen
1155,170,39,2023-03-08,1,abgeschlossen
1156,123,1,2023-11-10,3,abgeschlossen
1157,157,12,2023-01-30,4,abgeschlossen
1158,34,4,2023-03-14,7,in_bearbeitung
1159,125,25,2023-05-03,9,abgeschlossen
1160,57,8,2023-08-16,5,in_bearbeitung
1161,3,15,2023-12-04,1,abgeschlossen
1162,6,43,2023-09-30,2,abgeschlossen
1163,48,30,2023-09-03,2,abgeschlossen
1164,102,40,2023-02-08,9,abgeschlossen
1165,192,32,2023-06-19,7,abgeschlossen
1166,120,44,2023-11-11,2,in_bearbeitung
1167,13,35,2023-04-12,1,storniert
1168,36,21,2023-10-21,5,abgeschlossen
1169,70,31,2023-08-31,1,in_bearbeitung
1170,33,36,2023-06-06,9,abgeschlossen
1171,105,27,2023-12-26,3,storniert
1172,57,44,2023-09-22,2,abgeschlossen
1173,55,8,2023-09-14,6,in_bearbeitung
1174,107,23,2023-12-24,3,abgeschlossen
1175,141,23,2023-12-09,5,in_bearbeitung
1176,51,42,2023-05-03,8,abgeschlossen
1177,92,33,2023-02-16,2,abgeschlossen
1178,53,13,2023-11-28,5,abgeschlossen
1179,36,39,2023-01-10,8,in_bearbeitung
1180,133,35,2023-05-24,1,abgeschlossen
1181,119,16,2023-10-26,4,abgeschlossen
1182,25,12,2023-06-01,5,abgeschlossen
1183,81,31,2023-05-16,3,in_bearbeitung
1184,37,5,2023-03-16,2,abgeschlossen
1185,19,50,2023-12-27,3,abgeschlossen
1186,35,40,2023-01-26,5,storniert
1187,107,44,2023-01-07,7,abgeschlossen
1188,162,25,2023-03-20,2,abgeschlossen
1189,54,21,2023-01-15,7,abgeschlossen
1190,174,3,2023-07-26,6,in_bearbeitung
1191,6,48,2023-03-30,7,abgeschlossen
1192,129,10,2023-04-07,7,abgeschlossen
1193,199,23,2023-08-04,9,in_bearbeitung
1194,34,17,2023-09-16,7,abgeschlossen
1195,56,42,2023-11-25,6,in_bearbeitung
1196,97,35,2023-10-14,8,abgeschlossen
1197,26,25,2023-03-16,7,abgeschlossen
1198,170,2,2023-08-30,6,abgeschlossen
1199,91,27,2023-01-17,4,abgeschlossen
1200,38,46,2023-06-26,7,abgeschlossen
1201,154,9,2023-09-16,8,abgeschlossen
1202,59,49,2023-05-03,8,storniert
1203,127,4,2023-11-07,4,abgeschlossen
1204,24,26,2023-04-21,9,in_bearbeitung
1205,111,32,2023-09-13,3,abgeschlossen
1206,21,29,2023-08-22,9,abgeschlossen
1207,60,22,2023-12-22,3,in_bearbeitung
1208,90,47,2023-02-09,7,abgeschlossen
1209,148,13,2023-05-02,4,in_bearbeitung
1210,6,23,2023-08-03,5,abgeschlossen
1211,195,31,2023-10-23,3,abgeschlossen
1212,10,41,2023-10-13,2,abgeschlossen
1213,140,36,2023-10-08,8,abgeschlossen
1214,97,40,2023-01-07,7,abgeschlossen
1215,150,31,2023-04-02,7,in_bearbeitung
1216,190,15,2023-12-27,8,abgeschlossen
1217,189,14,2023-05-03,1,abgeschlossen
1218,80,35,2023-12-03,8,in_bearbeitung
1219,17,24,2023-04-06,5,in_bearbeitung
1220,138,30,2023-01-01,8,abgeschlossen
1221,140,30,2023-04-01,9,abgeschlossen
1222,83,27,2023-01-07,2,abgeschlossen
1223,40,49,2023-04-30,3,abgeschlossen
1224,151,40,2023-12-16,6,abgeschlossen
1225,168,14,2023-05-09,9,storniert
1226,74,45,2023-06-28,8,abgeschlossen
1227,74,47,2023-04-08,6,abgeschlossen
1228,50,11,2023-02-12,5,in_bearbeitung
1229,10,47,2023-07-02,3,abgeschlossen
1230,103,44,2023-07-04,4,in_bearbeitung
1231,94,26,2023-02-22,7,abgeschlossen
1232,132,21,2023-08-16,7,abgeschlossen
1233,129,9,2023-06-10,3,in_bearbeitung
1234,43,47,2023-08-23,4,abgeschlossen
1235,83,1,2023-12-24,3,in_bearbeitung
1236,133,44,2023-07-19,2,abgeschlossen
1237,104,6,2023-01-01,6,in_bearbeitung
1238,34,1,2023-01-14,7,abgeschlossen
1239,194,22,2023-08-01,4,abgeschlossen
1240,24,13,2023-10-04,5,abgeschlossen
1241,142,38,2023-02-03,8,abgeschlossen
1242,41,49,2023-12-27,9,abgeschlossen
1243,170,45,2023-09-27,7,abgeschlossen
1244,13,41,2023-06-17,1,abgeschlossen
1245,157,40,2023-06-19,3,abgeschlossen
1246,193,31,2023-03-23,5,in_bearbeitung
1247,174,15,2023-11-12,3,abgeschlossen
1248,162,50,2023-05-17,1,abgeschlossen
1249,191,2,2023-08-21,2,abgeschlossen
1250,132,31,2023-04-25,8,abgeschlossen
1251,28,26,2023-09-09,7,storniert
1252,83,2,2023-10-16,3,abgeschlossen
1253,129,11,2023-02-18,4,abgeschlossen
1254,164,33,2023-01-04,3,abgeschlossen
1255,107,18,2023-06-25,4,in_bearbeitung
1256,13,21,2023-09-29,8,abgeschlossen
1257,114,31,2023-01-26,9,in_bearbeitung
1258,106,26,2023-03-11,7,abgeschlossen
1259,5,30,2023-10-20,9,in_bearbeitung
1260,97,39,2023-08-22,9,abgeschlossen
1261,14,21,2023-08-19,7,storniert
1262,80,49,2023-09-20,7,abgeschlossen
1263,120,16,2023-10-13,8,abgeschlossen
1264,160,7,2023-03-15,3,in_bearbeitung
1265,178,22,2023-05-01,8,abgeschlossen
1266,155,7,2023-01-06,1,abgeschlossen
1267,35,2,2023-01-24,6,storniert
1268,3,37,2023-07-13,2,abgeschlossen
1269,4,14,2023-06-17,7,abgeschlossen
1270,135,8,2023-12-07,3,abgeschlossen
1271,131,29,2023-07-29,5,abgeschlossen
1272,81,44,2023-05-13,2,in_bearbeitung
1273,111,7,2023-12-11,1,abgeschlossen
1274,59,38,2023-10-19,5,abgeschlossen
1275,74,45,2023-06-23,9,abgeschlossen
1276,129,22,2023-05-31,9,abgeschlossen
1277,156,44,2023-03-29,7,storniert
1278,59,17,2023-10-28,9,in_bearbeitung
1279,118,16,2023-09-23,4,abgeschlossen
1280,181,33,2023-11-06,3,abgeschlossen
1281,138,39,2023-03-11,4,storniert
1282,199,35,2023-07-24,7,abgeschlossen
1283,103,38,2023-12-07,8,abgeschlossen
1284,131,32,2023-02-01,2,abgeschlossen
1285,135,3,2023-02-12,5,abgeschlossen
1286,9,3,2023-04-28,5,in_bearbeitung
1287,99,8,2023-01-15,9,abgeschlossen
1288,197,46,2023-11-18,3,storniert
1289,141,31,2023-04-25,6,abgeschlossen
1290,168,9,2023-12-03,5,abgeschlossen
1291,114,5,2023-01-20,2,storniert
1292,62,28,2023-06-27,2,in_bearbeitung
1293,62,15,2023-09-19,4,in_bearbeitung
1294,10,49,2023-03-20,4,abgeschlossen
1295,87,27,2023-04-30,7,in_bearbeitung
1296,11,42,2023-01-26,1,abgeschlossen
1297,62,31,2023-01-22,6,abgeschlossen
1298,77,40,2023-07-20,9,abgeschlossen
1299,104,18,2023-03-05,2,abgeschlossen
1300,56,38,2023-08-02,5,in_bearbeitung
1301,110,49,2023-11-10,4,abgeschlossen
1302,49,4,2023-10-20,4,abgeschlossen
1303,16,21,2023-03-19,8,abgeschlossen
1304,73,47,2023-08-04,6,abgeschlossen
1305,116,42,2023-08-12,7,abgeschlossen
1306,93,23,2023-01-28,9,abgeschlossen
1307,137,45,2023-11-01,3,abgeschlossen
1308,33,22,2023-07-20,2,abgeschlossen
1309,88,1,2023-03-08,3,storniert
1310,163,25,2023-12-25,8,abgeschlossen
1311,39,41,2023-05-06,9,abgeschlossen
1312,114,28,2023-12-15,5,in_bearbeitung
1313,77,37,2023-07-14,8,abgeschlossen
1314,87,11,2023-06-23,7,storniert
1315,153,22,2023-03-28,9,abgeschlossen
1316,114,25,2023-12-09,4,in_bearbeitung
1317,56,21,2023-11-07,3,abgeschlossen
1318,176,36,2023-06-03,9,abgeschlossen
1319,138,20,2023-07-29,8,abgeschlossen
1320,41,16,2023-01-13,7,abgeschlossen
1321,104,28,2023-06-13,1,in_bearbeitung
1322,99,29,2023-09-12,2,abgeschlossen
1323,59,50,2023-03-05,9,abgeschlossen
1324,156,26,2023-11-03,5,abgeschlossen
1325,122,40,2023-03-17,1,in_bearbeitung
1326,120,2,2023-01-22,9,in_bearbeitung
1327,41,49,2023-03-01,1,abgeschlossen
1328,66,10,2023-02-25,8,abgeschlossen
1329,179,13,2023-06-17,5,abgeschlossen
1330,62,15,2023-07-24,6,abgeschlossen
1331,158,9,2023-12-19,1,abgeschlossen
1332,40,27,2023-09-16,2,abgeschlossen
1333,40,8,2023-07-10,7,storniert
1334,197,6,2023-02-24,2,in_bearbeitung
1335,102,36,2023-12-06,5,abgeschlossen
1336,190,50,2023-10-11,9,abgeschlossen
1337,15,24,2023-09-21,5,storniert
1338,124,3,2023-09-16,3,abgeschlossen
1339,131,26,2023-12-16,6,abgeschlossen
1340,24,36,2023-03-30,7,storniert
1341,169,21,2023-08-10,8,abgeschlossen
1342,191,13,2023-12-16,3,abgeschlossen
1343,48,11,2023-03-30,4,abgeschlossen
1344,189,8,2023-02-28,4,abgeschlossen
1345,48,46,2023-06-01,2,abgeschlossen
1346,47,46,2023-01-28,7,abgeschlossen
1347,184,48,2023-08-13,4,abgeschlossen
1348,105,14,2023-11-14,4,storniert
1349,113,33,2023-02-20,8,abgeschlossen
1350,8,2,2023-09-20,6,abgeschlossen
1351,18,1,2023-10-06,6,abgeschlossen
1352,108,11,2023-02-15,9,abgeschlossen
1353,84,6,2023-11-30,4,in_bearbeitung
1354,151,32,2023-04-16,9,abgeschlossen
1355,197,15,2023-10-11,1,abgeschlossen
1356,65,12,2023-01-24,9,abgeschlossen
1357,109,37,2023-01-07,1,abgeschlossen
1358,46,29,2023-12-01,7,abgeschlossen
1359,66,44,2023-01-03,6,abgeschlossen
1360,80,22,2023-09-15,7,abgeschlossen
1361,197,46,2023-09-20,9,storniert
1362,150,14,2023-05-01,4,in_bearbeitung
1363,193,19,2023-07-27,9,in_bearbeitung
1364,140,5,2023-01-21,3,in_bearbeitung
1365,147,35,2023-05-20,9,in_bearbeitung
1366,150,25,2023-10-07,1,storniert
1367,183,50,2023-10-16,5,abgeschlossen
1368,106,38,2023-07-25,5,abgeschlossen
1369,126,9,2023-02-12,1,in_bearbeitung
1370,190,7,2023-12-04,1,abgeschlossen
1371,179,18,2023-04-28,3,abgeschlossen
1372,176,2,2023-01-05,9,abgeschlossen
1373,145,10,2023-07-26,7,abgeschlossen
1374,13,44,2023-05-03,6,abgeschlossen
1375,28,2,2023-11-23,9,abgeschlossen
1376,123,45,2023-12-11,4,abgeschlossen
1377,67,8,2023-05-22,4,in_bearbeitung
1378,5,7,2023-08-20,3,in_bearbeitung
1379,100,35,2023-06-13,5,in_bearbeitung
1380,188,23,2023-02-04,5,in_bearbeitung
1381,143,8,2023-12-30,7,abgeschlossen
1382,81,21,2023-12-01,7,abgeschlossen
1383,44,33,2023-01-11,6,abgeschlossen
1384,119,47,2023-03-16,4,storniert
1385,46,1,2023-10-27,7,abgeschlossen
1386,157,12,2023-07-17,2,in_bearbeitung
1387,68,11,2023-12-07,9,abgeschlossen
1388,128,48,2023-09-21,7,storniert
1389,49,30,2023-12-01,2,abgeschlossen
1390,171,4,2023-08-12,2,in_bearbeitung
1391,102,34,2023-05-02,6,abgeschlossen
1392,196,23,2023-03-15,7,abgeschlossen
1393,77,32,2023-01-28,9,abgeschlossen
1394,20,3,2023-06-20,4,storniert
1395,111,28,2023-12-30,8,abgeschlossen
1396,146,4,2023-08-04,2,storniert
1397,192,50,2023-11-15,6,in_bearbeitung
1398,177,12,2023-04-11,4,in_bearbeitung
1399,115,24,2023-09-03,8,abgeschlossen
1400,170,33,2023-04-03,9,abgeschlossen
1401,12,3,2023-03-04,2,abgeschlossen
1402,79,4,2023-09-23,7,storniert
1403,119,30,2023-07-25,7,storniert
1404,36,6,2023-03-21,8,in_bearbeitung
1405,8,49,2023-02-06,5,abgeschlossen
1406,28,30,2023-01-11,3,abgeschlossen
1407,116,8,2023-04-25,1,storniert
1408,86,18,2023-03-31,4,abgeschlossen
1409,188,16,2023-08-20,3,in_bearbeitung
1410,49,6,2023-01-19,2,abgeschlossen
1411,166,24,2023-02-21,6,abgeschlossen
1412,80,28,2023-10-01,7,in_bearbeitung
1413,186,32,2023-04-04,7,abgeschlossen
1414,5,25,2023-02-01,8,abgeschlossen
1415,46,28,2023-05-31,2,storniert
1416,98,21,2023-05-20,6,abgeschlossen
1417,102,8,2023-02-27,6,in_bearbeitung
1418,2,36,2023-01-21,1,in_bearbeitung
1419,25,9,2023-05-29,2,abgeschlossen
1420,1,40,2023-08-09,9,abgeschlossen
1421,197,21,2023-08-09,8,abgeschlossen
1422,168,1,2023-08-30,4,abgeschlossen
1423,68,4,2023-08-07,6,abgeschlossen
1424,69,10,2023-01-29,2,in_bearbeitung
1425,197,26,2023-02-16,5,abgeschlossen
1426,16,40,2023-02-27,2,abgeschlossen
1427,182,3,2023-10-02,5,abgeschlossen
1428,191,44,2023-05-20,7,abgeschlossen
1429,18,9,2023-01-23,7,abgeschlossen
1430,107,32,2023-03-04,9,in_bearbeitung
1431,17,3,2023-02-21,3,abgeschlossen
1432,125,4,2023-09-23,4,abgeschlossen
1433,82,6,2023-12-08,9,abgeschlossen
1434,4,9,2023-06-16,8,abgeschlossen
1435,115,26,2023-05-31,7,abgeschlossen
1436,95,2,2023-01-11,8,storniert
1437,95,2,2023-04-05,9,abgeschlossen
1438,137,50,2023-03-13,4,abgeschlossen
1439,31,21,2023-02-17,5,abgeschlossen
1440,133,22,2023-12-14,9,abgeschlossen
1441,16,3,2023-09-29,7,abgeschlossen
1442,42,35,2023-04-05,4,abgeschlossen
1443,169,50,2023-08-21,6,abgeschlossen
1444,30,38,2023-02-17,1,abgeschlossen
1445,26,33,2023-07-27,1,abgeschlossen
1446,177,15,2023-08-15,9,abgeschlossen
1447,31,11,2023-03-18,8,abgeschlossen
1448,50,10,2023-12-15,1,in_bearbeitung
1449,143,36,2023-08-07,2,abgeschlossen
1450,52,14,2023-12-26,4,in_bearbeitung
1451,166,2,2023-03-22,1,abgeschlossen
1452,38,45,2023-02-06,2,abgeschlossen
1453,188,48,2023-04-12,5,abgeschlossen
1454,20,44,2023-07-10,8,in_bearbeitung
1455,99,37,2023-01-29,6,abgeschlossen
1456,44,29,2023-11-10,6,abgeschlossen
1457,111,35,2023-09-10,4,abgeschlossen
1458,89,20,2023-09-08,2,abgeschlossen
1459,63,21,2023-08-14,3,abgeschlossen
1460,118,34,2023-04-04,6,abgeschlossen
1461,178,49,2023-03-27,6,abgeschlossen
1462,150,43,2023-04-20,5,abgeschlossen
1463,72,33,2023-08-05,6,abgeschlossen
1464,54,19,2023-07-15,6,abgeschlossen
1465,137,8,2023-10-24,1,abgeschlossen
1466,143,31,2023-02-13,6,abgeschlossen
1467,48,11,2023-03-31,5,abgeschlossen
1468,148,8,2023-06-04,8,abgeschlossen
1469,163,25,2023-04-19,9,abgeschlossen
1470,101,49,2023-02-28,6,abgeschlossen
1471,195,20,2023-04-20,4,abgeschlossen
1472,60,38,2023-04-16,3,abgeschlossen
1473,98,7,2023-08-09,1,abgeschlossen
1474,162,13,2023-09-20,7,abgeschlossen
1475,100,39,2023-03-23,5,abgeschlossen
1476,99,43,2023-09-29,4,abgeschlossen
1477,73,10,2023-02-18,9,storniert
1478,119,8,2023-02-01,7,abgeschlossen
1479,182,42,2023-03-30,8,abgeschlossen
1480,128,43,2023-01-19,4,abgeschlossen
1481,140,20,2023-01-03,8,abgeschlossen
1482,88,17,2023-03-01,4,storniert
1483,105,11,2023-08-30,1,in_bearbeitung
1484,19,16,2023-01-29,8,in_bearbeitung
1485,80,37,2023-03-16,1,storniert
1486,26,42,2023-03-11,3,abgeschlossen
1487,151,32,2023-03-24,7,abgeschlossen
1488,121,26,2023-12-23,3,in_bearbeitung
1489,33,37,2023-06-22,8,abgeschlossen
1490,106,9,2023-07-16,5,storniert
1491,185,35,2023-12-12,3,abgeschlossen
1492,30,3,2023-05-27,5,abgeschlossen
1493,151,31,2023-09-30,5,storniert
1494,126,42,2023-02-04,8,abgeschlossen
1495,36,7,2023-04-23,9,in_bearbeitung
1496,125,2,2023-07-25,6,abgeschlossen
1497,124,25,2023-06-07,3,abgeschlossen
1498,171,40,2023-09-10,2,storniert
1499,194,12,2023-05-02,3,abgeschlossen
1500,181,30,2023-02-17,9,abgeschlossen
1501,118,30,2023-07-04,7,abgeschlossen
1502,123,29,2023-09-30,9,in_bearbeitung
1503,188,41,2023-04-11,6,in_bearbeitung
1504,37,11,2023-01-15,8,abgeschlossen
1505,61,23,2023-05-08,9,abgeschlossen
1506,96,17,2023-07-29,3,in_bearbeitung
1507,120,13,2023-04-22,7,in_bearbeitung
1508,181,33,2023-09-27,9,abgeschlossen
1509,12,1,2023-05-22,2,abgeschlossen
1510,122,40,2023-06-22,7,in_bearbeitung
1511,35,13,2023-12-19,5,abgeschlossen
1512,67,38,2023-06-15,8,storniert
1513,38,3,2023-04-29,4,abgeschlossen
1514,24,16,2023-07-22,1,abgeschlossen
1515,81,42,2023-01-11,8,abgeschlossen
1516,168,7,2023-09-06,6,storniert
1517,193,3,2023-10-31,8,abgeschlossen
1518,185,14,2023-09-05,3,abgeschlossen
1519,72,16,2023-06-03,8,abgeschlossen
1520,79,4,2023-11-19,8,in_bearbeitung
1521,114,31,2023-01-25,1,abgeschlossen
1522,45,13,2023-12-08,4,abgeschlossen
1523,200,27,2023-08-09,7,abgeschlossen
1524,125,1,2023-04-20,1,abgeschlossen
1525,96,25,2023-03-31,3,abgeschlossen
1526,13,37,2023-09-22,3,abgeschlossen
1527,110,50,2023-02-09,6,abgeschlossen
1528,6,44,2023-09-20,5,in_bearbeitung
1529,97,11,2023-06-07,7,in_bearbeitung
1530,71,9,2023-04-28,3,storniert
1531,47,7,2023-09-13,1,abgeschlossen
1532,93,14,2023-07-15,3,in_bearbeitung
1533,101,30,2023-11-10,8,abgeschlossen
1534,44,24,2023-11-07,5,abgeschlossen
1535,32,3,2023-01-14,3,abgeschlossen
1536,3,48,2023-04-28,8,abgeschlossen
1537,182,39,2023-08-05,6,abgeschlossen
1538,84,27,2023-07-24,3,abgeschlossen
1539,166,1,2023-03-18,5,abgeschlossen
1540,4,38,2023-06-21,1,abgeschlossen
1541,145,26,2023-01-26,6,abgeschlossen
1542,165,6,2023-05-08,9,abgeschlossen
1543,88,42,2023-05-22,7,abgeschlossen
1544,106,12,2023-01-24,8,abgeschlossen
1545,105,38,2023-08-20,6,abgeschlossen
1546,36,46,2023-06-26,5,abgeschlossen
1547,58,35,2023-12-07,6,abgeschlossen
1548,169,10,2023-08-23,7,in_bearbeitung
1549,8,9,2023-11-15,9,abgeschlossen
1550,195,23,2023-01-26,8,abgeschlossen
1551,158,30,2023-09-23,5,in_bearbeitung
1552,86,22,2023-12-28,7,abgeschlossen
1553,180,47,2023-04-27,8,abgeschlossen
1554,97,9,2023-02-27,1,abgeschlossen
1555,153,19,2023-09-27,8,abgeschlossen
1556,180,8,2023-11-25,7,abgeschlossen
1557,59,4,2023-10-22,2,in_bearbeitung
1558,30,5,2023-05-02,2,abgeschlossen
1559,101,19,2023-06-08,6,abgeschlossen
1560,67,46,2023-06-27,3,abgeschlossen
1561,132,18,2023-05-24,1,in_bearbeitung
1562,93,29,2023-11-24,8,in_bearbeitung
1563,185,19,2023-11-03,7,abgeschlossen
1564,63,6,2023-03-30,4,abgeschlossen
1565,32,5,2023-08-27,1,abgeschlossen
1566,87,43,2023-02-07,2,abgeschlossen
1567,51,5,2023-12-27,9,abgeschlossen
1568,63,8,2023-03-20,4,abgeschlossen
1569,80,27,2023-12-11,3,storniert
1570,87,37,2023-11-23,8,abgeschlossen
1571,110,43,2023-12-12,4,abgeschlossen
1572,101,45,2023-09-09,7,abgeschlossen
1573,129,38,2023-11-24,5,abgeschlossen
1574,19,37,2023-05-29,5,abgeschlossen
1575,101,18,2023-01-16,6,in_bearbeitung
1576,163,26,2023-11-19,4,abgeschlossen
1577,191,42,2023-11-17,2,storniert
1578,94,16,2023-09-26,6,abgeschlossen
1579,81,22,2023-04-28,5,abgeschlossen
1580,103,46,2023-07-11,3,abgeschlossen
1581,113,23,2023-11-13,4,abgeschlossen
1582,154,47,2023-10-15,3,abgeschlossen
1583,13,3,2023-12-17,3,abgeschlossen
1584,118,3,2023-10-24,4,abgeschlossen
1585,86,12,2023-07-13,2,storniert
1586,23,23,2023-10-08,4,abgeschlossen
1587,107,47,2023-10-28,2,abgeschlossen
1588,163,11,2023-09-07,8,abgeschlossen
1589,12,42,2023-08-19,5,abgeschlossen
1590,137,47,2023-01-03,7,abgeschlossen
1591,78,50,2023-06-23,4,abgeschlossen
1592,67,46,2023-08-28,6,abgeschlossen
1593,108,29,2023-04-14,4,abgeschlossen
1594,44,6,2023-10-16,6,in_bearbeitung
1595,189,46,2023-09-01,1,in_bearbeitung
1596,149,16,2023-10-15,6,abgeschlossen
1597,7,34,2023-09-30,6,abgeschlossen
1598,128,37,2023-04-30,2,in_bearbeitung
1599,97,11,2023-12-04,9,abgeschlossen
1600,11,11,2023-09-16,6,abgeschlossen
1601,173,25,2023-03-11,7,in_bearbeitung
1602,160,19,2023-07-02,2,abgeschlossen
1603,106,32,2023-09-04,2,in_bearbeitung
1604,83,50,2023-04-28,2,abgeschlossen
1605,36,8,2023-01-31,9,abgeschlossen
1606,118,12,2023-05-29,3,abgeschlossen
1607,165,41,2023-01-16,4,in_bearbeitung
1608,41,35,2023-09-30,1,abgeschlossen
1609,92,6,2023-12-18,1,abgeschlossen
1610,49,21,2023-04-12,4,in_bearbeitung
1611,143,26,2023-03-13,2,in_bearbeitung
1612,141,1,2023-07-12,8,in_bearbeitung
1613,53,17,2023-11-18,4,abgeschlossen
1614,107,35,2023-04-21,3,in_bearbeitung
1615,33,27,2023-10-20,3,abgeschlossen
1616,200,50,2023-12-13,6,abgeschlossen
1617,119,50,2023-12-06,6,storniert
1618,32,2,2023-11-14,6,abgeschlossen
1619,118,36,2023-10-04,6,abgeschlossen
1620,176,1,2023-04-16,8,abgeschlossen
1621,196,10,2023-02-06,8,in_bearbeitung
1622,185,31,2023-10-18,9,abgeschlossen
1623,62,37,2023-06-30,1,abgeschlossen
1624,82,5,2023-05-23,8,abgeschlossen
1625,130,41,2023-04-24,5,abgeschlossen
1626,77,46,2023-08-26,3,in_bearbeitung
1627,16,13,2023-04-04,3,abgeschlossen
1628,123,45,2023-09-17,6,abgeschlossen
1629,8,24,2023-04-17,8,in_bearbeitung
1630,147,27,2023-09-01,2,abgeschlossen
1631,160,1,2023-12-01,9,abgeschlossen
1632,67,49,2023-01-23,5,abgeschlossen
1633,115,20,2023-12-27,5,in_bearbeitung
1634,113,8,2023-09-28,1,abgeschlossen
1635,32,3,2023-05-20,6,abgeschlossen
1636,105,49,2023-03-23,5,abgeschlossen
1637,25,32,2023-12-10,7,abgeschlossen
1638,53,44,2023-06-05,7,in_bearbeitung
1639,81,25,2023-12-01,4,in_bearbeitung
1640,25,25,2023-01-19,5,abgeschlossen
1641,33,50,2023-03-10,8,abgeschlossen
1642,31,14,2023-05-12,2,in_bearbeitung
1643,36,43,2023-09-13,1,abgeschlossen
1644,87,27,2023-07-28,6,abgeschlossen
1645,123,48,2023-01-10,4,in_bearbeitung
1646,177,32,2023-05-20,3,abgeschlossen
1647,44,27,2023-05-15,7,abgeschlossen
1648,48,4,2023-09-12,8,abgeschlossen
1649,158,50,2023-10-27,4,in_bearbeitung
1650,13,39,2023-09-15,6,abgeschlossen
1651,171,11,2023-04-04,2,in_bearbeitung
1652,144,48,2023-08-29,8,storniert
1653,91,48,2023-08-25,6,storniert
1654,154,3,2023-06-14,9,in_bearbeitung
1655,175,25,2023-11-21,6,abgeschlossen
1656,165,24,2023-05-28,6,in_bearbeitung
1657,131,9,2023-08-06,2,abgeschlossen
1658,154,8,2023-04-18,5,in_bearbeitung
1659,143,39,2023-08-19,9,abgeschlossen
1660,66,31,2023-03-11,1,abgeschlossen
1661,28,17,2023-08-09,4,abgeschlossen
1662,125,43,2023-03-15,3,in_bearbeitung
1663,166,31,2023-06-28,1,abgeschlossen
1664,172,4,2023-03-21,1,abgeschlossen
1665,181,4,2023-12-20,1,in_bearbeitung
1666,80,37,2023-06-08,1,abgeschlossen
1667,132,8,2023-12-22,2,abgeschlossen
1668,72,42,2023-06-18,5,abgeschlossen
1669,44,49,2023-11-10,2,abgeschlossen
1670,119,6,2023-06-10,4,abgeschlossen
1671,46,9,2023-02-01,9,storniert
1672,84,42,2023-05-01,3,abgeschlossen
1673,26,8,2023-08-03,2,abgeschlossen
1674,96,32,2023-01-03,4,abgeschlossen
1675,13,15,2023-08-16,9,storniert
1676,125,18,2023-02-17,4,abgeschlossen
1677,69,23,2023-06-16,5,abgeschlossen
1678,172,5,2023-11-29,4,abgeschlossen
1679,181,50,2023-01-11,8,in_bearbeitung
1680,51,27,2023-08-26,4,in_bearbeitung
1681,13,33,2023-10-05,2,abgeschlossen
1682,169,2,2023-08-29,4,abgeschlossen
1683,139,42,2023-07-11,2,abgeschlossen
1684,165,38,2023-01-12,9,abgeschlossen
1685,60,28,2023-02-22,8,abgeschlossen
1686,32,24,2023-02-24,9,abgeschlossen
1687,173,21,2023-11-05,4,abgeschlossen
1688,18,31,2023-01-21,1,in_bearbeitung
1689,93,11,2023-01-19,3,abgeschlossen
1690,148,50,2023-12-10,7,abgeschlossen
1691,44,28,2023-12-16,1,abgeschlossen
1692,164,48,2023-11-18,8,abgeschlossen
1693,197,40,2023-11-11,9,abgeschlossen
1694,37,4,2023-02-28,8,abgeschlossen
1695,161,43,2023-05-31,5,in_bearbeitung
1696,127,42,2023-09-16,9,storniert
1697,19,16,2023-02-27,4,in_bearbeitung
1698,179,12,2023-08-04,9,abgeschlossen
1699,32,22,2023-03-03,1,storniert
1700,106,35,2023-05-26,3,abgeschlossen
1701,22,43,2023-08-27,4,abgeschlossen
1702,122,16,2023-10-20,1,abgeschlossen
1703,129,24,2023-07-01,6,abgeschlossen
1704,54,35,2023-04-05,4,in_bearbeitung
1705,148,28,2023-03-19,4,abgeschlossen
1706,58,42,2023-05-22,1,abgeschlossen
1707,163,29,2023-04-15,5,abgeschlossen
1708,70,21,2023-09-18,9,in_bearbeitung
1709,198,48,2023-04-05,6,in_bearbeitung
1710,189,25,2023-08-11,8,abgeschlossen
1711,63,39,2023-07-09,4,abgeschlossen
1712,189,31,2023-05-09,9,in_bearbeitung
1713,185,15,2023-11-15,7,abgeschlossen
1714,3,47,2023-07-14,7,abgeschlossen
1715,99,42,2023-01-20,8,abgeschlossen
1716,45,35,2023-10-26,2,abgeschlossen
1717,143,38,2023-08-28,6,abgeschlossen
1718,17,50,2023-08-23,7,abgeschlossen
1719,143,22,2023-03-26,3,abgeschlossen
1720,5,5,2023-04-04,8,in_bearbeitung
1721,174,48,2023-02-11,1,abgeschlossen
1722,11,13,2023-12-30,1,abgeschlossen
1723,192,32,2023-12-16,3,abgeschlossen
1724,92,3,2023-03-15,6,abgeschlossen
1725,142,15,2023-12-31,7,abgeschlossen
1726,39,27,2023-04-25,2,storniert
1727,195,27,2023-07-09,6,abgeschlossen
1728,183,30,2023-05-05,5,abgeschlossen
1729,42,6,2023-01-06,6,abgeschlossen
1730,94,25,2023-02-11,1,abgeschlossen
1731,5,28,2023-02-27,7,storniert
1732,52,22,2023-01-10,8,abgeschlossen
1733,150,4,2023-03-30,7,in_bearbeitung
1734,44,15,2023-11-30,9,storniert
1735,115,26,2023-04-21,1,abgeschlossen
1736,187,18,2023-02-08,9,abgeschlossen
1737,153,9,2023-06-16,3,abgeschlossen
1738,127,4,2023-01-11,2,in_bearbeitung
1739,116,48,2023-04-20,6,abgeschlossen
1740,149,50,2023-01-16,5,abgeschlossen
1741,192,5,2023-02-02,4,abgeschlossen
1742,68,45,2023-08-21,4,abgeschlossen
1743,47,6,2023-07-07,8,in_bearbeitung
1744,127,12,2023-08-12,3,abgeschlossen
1745,35,31,2023-02-28,1,abgeschlossen
1746,7,47,2023-02-20,5,abgeschlossen
1747,184,9,2023-09-28,8,abgeschlossen
1748,116,7,2023-02-12,3,abgeschlossen
1749,52,29,2023-01-27,2,abgeschlossen
1750,110,14,2023-02-25,1,abgeschlossen
1751,46,20,2023-05-01,4,abgeschlossen
1752,137,48,2023-04-23,2,abgeschlossen
1753,186,32,2023-11-12,8,abgeschlossen
1754,23,22,2023-04-25,9,in_bearbeitung
1755,131,36,2023-04-19,1,in_bearbeitung
1756,127,44,2023-06-24,2,abgeschlossen
1757,189,18,2023-04-22,6,abgeschlossen
1758,9,40,2023-04-10,7,in_bearbeitung
1759,53,49,2023-01-08,2,abgeschlossen
1760,196,25,2023-05-15,8,storniert
1761,177,31,2023-09-08,9,storniert
1762,198,35,2023-12-03,8,abgeschlossen
1763,48,26,2023-08-28,9,abgeschlossen
1764,123,4,2023-08-10,6,abgeschlossen
1765,82,42,2023-05-25,7,abgeschlossen
1766,109,48,2023-01-04,6,storniert
1767,7,20,2023-10-09,7,storniert
1768,99,34,2023-11-30,3,abgeschlossen
1769,31,12,2023-11-24,4,abgeschlossen
1770,102,16,2023-07-16,9,abgeschlossen
1771,56,42,2023-05-08,3,abgeschlossen
1772,99,5,2023-09-18,2,abgeschlossen
1773,189,44,2023-04-01,7,storniert
1774,5,35,2023-11-21,6,abgeschlossen
1775,30,44,2023-09-16,3,abgeschlossen
1776,22,27,2023-04-04,6,abgeschlossen
1777,145,1,2023-09-14,7,abgeschlossen
1778,138,34,2023-05-16,6,abgeschlossen
1779,199,43,2023-01-13,1,abgeschlossen
1780,196,32,2023-07-17,1,abgeschlossen
1781,170,44,2023-06-27,9,in_bearbeitung
1782,27,39,2023-04-22,6,abgeschlossen
1783,127,33,2023-09-21,2,abgeschlossen
1784,135,31,2023-03-20,1,in_bearbeitung
1785,23,13,2023-09-13,2,in_bearbeitung
1786,75,45,2023-03-15,8,abgeschlossen
1787,117,2,2023-06-10,5,abgeschlossen
1788,136,30,2023-07-20,7,in_bearbeitung
1789,8,10,2023-11-04,7,abgeschlossen
1790,101,23,2023-02-02,2,abgeschlossen
1791,5,33,2023-03-14,4,abgeschlossen
1792,199,39,2023-12-18,2,abgeschlossen
1793,86,45,2023-10-20,7,abgeschlossen
1794,130,29,2023-07-17,5,abgeschlossen
1795,179,30,2023-11-21,1,in_bearbeitung
1796,194,34,2023-11-12,2,in_bearbeitung
1797,12,39,2023-08-28,6,storniert
1798,47,17,2023-03-15,4,abgeschlossen
1799,183,22,2023-01-31,7,abgeschlossen
1800,26,5,2023-01-14,2,in_bearbeitung
